COD_UF;COD_MUNICIPIO;COD_DISTRITO;SITUACAO;NOM_TIPO_SEGLOGR;NOM_TITULO_SEGLOGR;NOM_SEGLOGR;NUM_ENDERECO;LATITUDE;LONGITUDE;ALTITUDE;DSC_LOCALIDADE;COD_ESPECIE;CEP
35;9502;15;2;RODOVIA;;JOSE BONLFACIO COUTINHO NOGUEI;;-2.289.183.663.888.880;-4.691.894.497.222.220;685.0;JOAQUIM EGIDIO;3;13106001
35;9502;15;2;ESTRADA;;USINA SALTO GRANDE;;-22.897.846.666.666.600;-4.693.952.333.333.330;685.0;JOAQUIM EGIDIO;3;13010010
35;9502;5;2;ESTRADA;;MUNICIPAL DOS AVEIROS;;-2.291.903.163.888.880;-4.700.906.330.555.550;713.0;CHACARA AVEIROS;3;13101499
35;9502;5;2;ESTRADA;;MUNICIPAL DOS AVEIROS;;-22.916.891.666.666.600;-4.700.963.163.888.880;719.0;AVEIRO;3;13101499
35;9502;5;2;TRAVESSA;;DA ESTRADA MUNICIPAL DOS AVEI;;-22.919.323.333.333.300;-4.700.864.166.666.660;718.0;MATO DENTRO;3;13101499
35;9502;5;2;RUA;;PENEDOS;;-22.917.615;-4.701.318;706.0;JARDIM DAS ANDORINHAS;3;13101462
35;9502;5;2;RUA;;PENEDOS;;-22.916.914.972.222.200;-4.701.278.333.333.330;719.0;JARDIM ANDORINHAS;3;13101462
35;9502;5;2;RUA;;LITORAL;62.0;-2.291.832.663.888.880;-4.701.662;741.0;JARDIM DAS ANDORINHAS;3;13101432
35;9502;5;2;RUA;;LITORAL;119.0;-22.917.728.333.333.300;-47.016.108.333.333.300;729.0;JARDIM DAS ANDORINHAS;3;13101432
35;9502;5;2;ESTRADA;;ANTONIO INACIO PUPO;;-22.747.943.333.333.300;-4.697.876.163.888.880;645.0;CARLOS GOMES;3;13099102
35;9502;10;2;ESTRADA;;DA RHODIA;15.0;-22.781.178.333.333.300;-4.708.549.666.666.660;557.0;VILA HOLLANDIA;3;13085000
35;9502;5;2;ESTRADA;;MUNICIPAL DOS AVEIROS;;-2.292.179;-4.700.271.330.555.550;720.0;MATO DENTRO;3;13101499
35;9502;5;2;ESTRADA;;MUNICIPAL DOS AVEIROS;;-2.292.107.163.888.880;-4.700.008;736.0;JARDIM ANDORINHAS;3;13101499
35;9502;5;2;ESTRADA;;MUNICIPAL DOS AVEIROS;;-22.922.399.972.222.200;-46.999.409.972.222.200;740.0;CONDOMINIO AVEIROS;3;13101499
35;9502;5;2;LINHA;;DIVISA MUNICIPIO;;-22.931.763.305.555.500;-4.700.053.166.666.660;668.0;CAPUAVA;3;13274465
35;9502;5;2;RUA;;OSVALDO ANTONIO BUZONI;2450.0;-22.930.843.305.555.500;-4.700.930.997.222.220;668.0;CHACARA SAMAMBAIA;3;13274465
35;9502;5;2;RUA;PROFESSORA;ODEIA;;-22.916.798.333.333.300;-46.991.301.666.666.600;698.0;GRAMADO;3;13010000
35;9502;5;2;RUA;;JOSE CARMINO GIARDELLI;;-22.926.745;-4.699.912.663.888.880;662.0;FONTE MECIA;3;13010000
35;9502;10;2;ESTRADA;;DA RHODIA;;-22.784.059.972.222.200;-47.078.449.972.222.200;595.0;AREA RURAL DE BARAO GERALDO;3;13085905
35;9502;10;2;RUA;PADRE;ANTONIO VIEIRA;;-2.278.159.997.222.220;-47.070.785;574.0;GUARA;3;13010000
35;9502;5;2;AVENIDA;;PEDRO DEGRESSI JR;;-22.970.971.666.666.600;-4.718.103;583.0;FRIBURGO;3;13010000
35;9502;5;1;RUA;;AGUAPE;523.0;-2.297.270.333.333.330;-4.715.064.997.222.220;606.0;PARQUE UNIVERSITARIO DO VIRACOPOS;3;13056471
35;9502;5;1;RUA;;AMABILIO BETIM;;-22.938.718.305.555.500;-4.701.517.166.666.660;720.0;JARDIM ESTORIL;3;13046260
35;9502;5;1;RUA;;AMABILIO BETIM;;-22.939.278.333.333.300;-47.016.959.972.222.200;728.0;JARDIM ESTORIL;3;13046260
35;9502;5;1;RUA;;AMABILIO BETIM;;-22.939.896.666.666.600;-47.016.086.638.888.800;722.0;ESTORIL;3;13046260
35;9502;5;1;RUA;;AMABILIO BETIM;;-22.939.958.333.333.300;-47.016.178.333.333.300;713.0;ESTORIL;3;13046260
35;9502;5;1;RUA;NOSSA SENHORA;DAS DORES;1111.0;-22.873.723.305.555.500;-4.714.914.997.222.220;618.0;VILA PADRE ANCHIETA;3;13010000
35;9502;5;1;RUA;;MANOEL TOMAS;446.0;-22.882.333.333.333.300;-4.714.147.833.333.330;634.0;VILA LUNARDI;3;13010000
35;9502;5;1;RUA;DOUTOR;JOSE FERREIRA DE CAMARGO;1221.0;-22.896.436.666.666.600;-4.704.559.166.666.660;669.0;JARDIM PLANALTO;3;13092005
35;9502;5;1;RUA;;ALDO GRIGOL;705.0;-22.789.046.666.666.600;-47.068.133.333.333.300;582.0;GUARA;3;13085400
35;9502;5;1;RUA;PADRE;JOAO BOSCO PENIDO BURNIER;;-2.296.319.663.888.880;-4.719.365.666.666.660;580.0;ITAJAI 4;3;13058063
35;9502;5;1;RUA;;CELSO LOPES;500.0;-22.963.386.666.666.600;-4.719.331.663.888.880;554.0;ITAJAI 4;3;13040735
35;9502;5;1;RUA;;CELSO LOPES;;-22.962.863.305.555.500;-4.719.498.833.333.330;564.0;ITAJAI 4;3;13010000
35;9502;5;1;RUA;;LINCOL CLAUDINO GOMES JUNIOR;333.0;-22.951.781.666.666.600;-4.705.880.497.222.220;699.0;PARQUE FIGUEIRA;3;13040230
35;9502;5;2;ESTRADA;;DA SERVIDAO;;-22.909.388.333.333.300;-4.722.565.166.666.660;587.0;BAIRRO DO CAMPO GRANDE;3;13069131
35;9502;5;2;ESTRADA;;ESTRADA DO CAMPO GRAND;;-2.293.093.166.666.660;-4.718.785.497.222.220;623.0;BAIRRO DO CAMPO GRANDE;3;13058009
35;9502;5;2;ALAMEDA;;PARAISO;;-22.916.688.333.333.300;-47.200.155;623.0;BAIRRO DO CAMPO GRANDE;3;13058009
35;9502;5;2;ESTRADA;;JHON BOYD DUNLOP;;-22.922.226.666.666.600;-4.720.613.330.555.550;608.0;BAIRRO DO CAMPO GRANDE;3;13069131
35;9502;5;2;ESTRADA;;WERNER HABIG;550.0;-2.291.614.997.222.220;-47.218.848.333.333.300;571.0;CHACARAS LUZITANA;3;13010020
35;9502;5;2;ESTRADA;;WERNER HABIG;;-22.920.424.972.222.200;-47.225.276.666.666.600;582.0;BAIRRO DO CAMPO GRANDE;3;13010020
35;9502;5;2;ESTRADA;;JOHN BOYD DUNLOP;10.0;-22.913.576.638.888.800;-47.204.775.000.000.000;629.0;BAIRRO DO CAMPO GRANDE;3;13069131
35;9502;5;2;ESTRADA;;JOHN BOYD DUNLOP;10.0;-22.913.586.638.888.800;-4.720.398.497.222.220;645.0;BAIRRO DO CAMPO GRANDE;3;13069131
35;9502;5;2;ESTRADA;;JOHN BOYD DUNLOP;;-22.915.891.638.888.800;-47.205.376.666.666.600;630.0;BAIRRO DO CAMPO GRANDE;3;13069131
35;9502;5;2;ESTRADA;;JOHN BOYD DUNLOP;;-22.934.358.333.333.300;-4.719.079.833.333.330;613.0;BAIRRO DO CAMPO GRANDE;3;13058009
35;9502;5;2;ESTRADA;;DO CAMPO GRANDE;;-22.928.549.972.222.200;-47.201.396.638.888.800;582.0;BAIRRO DO CAMPO GRANDE;3;13058009
35;9502;5;2;ESTRADA;;DO CAMPO GRANDE;;-22.924.519.972.222.200;-47.197.203.305.555.500;607.0;BAIRRO DO CAMPO GRANDE;3;13058009
35;9502;5;2;ESTRADA;;DO CAMPO GRANDE;;-22.913.774.999.999.900;-4.719.876.163.888.880;630.0;BAIRRO DO CAMPO GRANDE;3;13058009
35;9502;5;2;ESTRADA;;DA SERVIDAO JANUARIO GUILHERME;799.0;-2.291.095.163.888.880;-47.232.060.000.000.000;625.0;BAIRRO TERRA PRETA;3;13190000
35;9502;5;2;ESTRADA;;CAMPINAS MONTE MOR;;-22.955.508.305.555.500;-47.217.265.000.000.000;607.0;CAMPO GRANDE;3;13067112
35;9502;5;2;ESTRADA;;CAMPINAS MONTE MOR;;-22.956.443.305.555.500;-4.722.564.497.222.220;535.0;CAMPO GRANDE;3;13067112
35;9502;5;2;RUA;;AUREA GONCALVES DAMASCENO;;-2.295.192.663.888.880;-47.217.686.666.666.600;554.0;CAMPO GRANDE;3;13010009
35;9502;5;2;SERVIDAO;;SEM DENOMINACAO;;-22.951.431.638.888.800;-47.204.078.333.333.300;591.0;CAMPO GRANDE;3;13058009
35;9502;5;2;SERVIDAO;;SEM DENOMINACAO;;-22.952.601.666.666.600;-4.720.243.163.888.880;592.0;CAMPO GRANDE;3;13058009
35;9502;5;2;RUA;;APOLONIO MOURA DE BRITO;;-22.895.038.333.333.300;-4.715.689.333.333.330;608.0;SAO JORGE;3;13064802
35;9502;10;2;AVENIDA;DOUTOR;EDUARDO PEREIRA DE ALMEIDA;1501.0;-22.832.076.666.666.600;-4.710.315.497.222.220;613.0;BOSQUE DE BARAO GERALDO;3;13082751
35;9502;10;2;AVENIDA;DOUTOR;EDUARDO PEREIRA DE ALMEIDA;100.0;-22.837.506.666.666.600;-47.095.694.972.222.200;589.0;PARQUE CEASA;3;13082751
35;9502;10;2;RUA;;ALMIDES CORREA DA SILVA;289.0;-22.832.523.305.555.500;-47.098.216.666.666.600;633.0;TERRA NOVA;3;13082693
35;9502;10;2;RUA;;ALMIDES CORREA DA SILVA;289.0;-22.832.588.333.333.300;-4.709.905.497.222.220;609.0;RESIDENCIAL TERRA NOVA;3;13082693
35;9502;10;2;RUA;;JOAO BAPTISTA DALMEDICO;25.0;-2.283.633.497.222.220;-4.709.353.663.888.880;577.0;PARQUE CEASA;3;13082660
35;9502;10;2;RUA;;MANACA DA SERRA;13.0;-2.279.055.663.888.880;-47.098.850.000.000.000;606.0;SOLAR CAMPINAS;3;13085691
35;9502;10;2;RUA;;LIRIO DO AMAZONAS;92.0;-22.792.866.638.888.800;-47.095.725;621.0;SOLAR CAMPINAS;3;13084030
35;9502;5;2;RUA;;SERVIDAO G;141.0;-22.908.641.666.666.600;-4.717.243.333.333.330;650.0;CHACARA RECREIO SANTA FE;3;13064874
35;9502;5;2;RUA;;SERVIDAO G;62.0;-2.291.011.333.333.330;-4.717.290.666.666.660;650.0;CHACARA RECREIO SANTA FE;3;13064874
35;9502;5;2;PROLONGAMENTO;;AVENIDA JOHN BOYD DUNLOP;;-22.967.246.666.666.600;-4.720.846.163.888.880;557.0;CAMPO GRANDE;3;13058009
35;9502;5;2;RUA;;D;200.0;-22.926.155;-4.719.235.833.333.330;612.0;BAIRRO DO CAMPO GRANDE;3;13010001
35;9502;5;2;ESTRADA;;DO SALTINHO;87.0;-22.975.011.638.888.800;-4.704.887.163.888.880;694.0;PARQUE JAMBEIRO;3;13010002
35;9502;5;2;LOTEAMENTO;;SALTINHO;;-22.982.166.638.888.800;-4.706.585.330.555.550;664.0;SALTINHO;3;13051502
35;9502;5;2;LOTEAMENTO;;SALTINHO;;-2.298.253.833.333.330;-4.707.040.997.222.220;619.0;SALTINHO;3;13051502
35;9502;5;2;LOTEAMENTO;;SALTINHO;2.0;-2.298.246.333.333.330;-4.706.977.333.333.330;613.0;SALTINHO;3;13051502
35;9502;5;2;LOTEAMENTO;;SALTINHO;;-22.981.068.333.333.300;-47.070.910.000.000.000;615.0;SALTINHO;3;13051502
35;9502;5;2;LOTEAMENTO;;SALTINHO;;-22.984.105;-4.706.604.333.333.330;660.0;SALTINHO;3;13051502
35;9502;5;2;RODOVIA;;ANHANGUERA;88.0;-22.967.556.666.666.600;-47.058.431.666.666.600;644.0;PARQUE JAMBEIRO;3;13010002
35;9502;5;2;RUA;;UM;;-22.981.784.972.222.200;-4.706.760.833.333.330;624.0;SALTINHO;3;13051502
35;9502;5;2;RUA;;PAULO AFONSO DE LIMA;2025.0;-22.984.131.666.666.600;-4.706.507.997.222.220;672.0;SALTINHO;3;13051502
35;9502;5;2;RUA;;PAULO AFONSO DE LIMA;;-22.986.673.333.333.300;-4.706.250.166.666.660;683.0;PARQUE CENTENARIO;3;13051502
35;9502;5;2;RODOVIA;;LUIZ QUEIROZ GUIMARAES;1.0;-2.298.569;-4.705.961.497.222.220;702.0;MACUCO;3;13051502
35;9502;5;2;RUA;;ANTONIO AFONSO DE LIMA;103.0;-22.981.134.972.222.200;-4.708.177.663.888.880;588.0;SALTINHO;3;13010010
35;9502;5;2;CAMINHO;;DA SERVIDAO I;;-2.303.984.663.888.880;-4.709.074.833.333.330;673.0;ESTRADA DO DESCAMPADO;3;13010000
35;9502;5;2;CAMINHO;;SERVIDAO;1.0;-23.046.481.638.888.800;-4.707.772.333.333.330;679.0;ESTRADA DO DESCAMPADO;3;13010001
35;9502;5;2;CAMINHO;;SERVIDAO;2.0;-23.044.758.333.333.300;-47.077.758.333.333.300;675.0;ESTRADA DO DESCAMPADO;3;13010002
35;9502;5;2;CAMINHO;;SERVIDAO;;-2.304.271.166.666.660;-4.707.818.163.888.880;672.0;ESTRADA DO DESCAMPADO;3;13010002
35;9502;5;2;ESTRADA;;DEZIDERIO BERNARDINETTI;;-23.038.083.333.333.300;-47.071.373.333.333.300;649.0;REFORMA AGRARIA;3;13010002
35;9502;5;2;ESTRADA;;DEZIDERIO BERNARDINETTI;;-23.029.671.666.666.600;-4.706.601.163.888.880;644.0;REFORMA AGRARIA;3;13010001
35;9502;5;2;ESTRADA;;DO DESCAMPADO;;-23.048.524.972.222.200;-4.707.992.163.888.880;654.0;DESCAMPADO;3;13010002
35;9502;5;2;ESTRADA;;DO DESCAMPADO;;-23.043.836.666.666.600;-4.709.529.833.333.330;697.0;DESCAMPADO;3;13010000
35;9502;5;2;ESTRADA;;DO DESCAMPADO;;-230.465;-4.706.950.830.555.550;684.0;ESTRADA DO DESCANPADO;3;13010002
35;9502;5;2;ESTRADA;;DO DESCAMPADO;;-2.304.334.163.888.880;-4.708.838.333.333.330;669.0;DESCAMPADO;3;13010002
35;9502;5;2;ESTRADA;;DO DESCAMPADO;;-2.304.491.163.888.880;-4.709.109.333.333.330;676.0;DESCAMPADO;3;13010001
35;9502;5;2;ESTRADA;;DO DESCAMPADO;;-23.044.451.666.666.600;-4.706.632.997.222.220;679.0;ESTRADA DO DESCANPADO;3;13010002
35;9502;5;2;ESTRADA;;DO DESCAMPADO;;-2.304.351.163.888.880;-4.706.638.833.333.330;668.0;ESTRADA DO DESCANPADO;3;13010002
35;9502;5;2;ESTRADA;;DO DESCAMPADO;;-23.047.568.305.555.500;-47.083.615;668.0;DESCAMPADO;3;13010001
35;9502;5;2;ESTRADA;;DO DESCAMPADO;;-2.304.703.330.555.550;-4.708.243.330.555.550;649.0;DESCAMPADO;3;13010002
35;9502;5;2;ESTRADA;;DO DESCAMPADO;;-2.304.738.166.666.660;-47.072.903.305.555.500;697.0;DESCAMPADO;3;13010002
35;9502;5;2;ESTRADA;;DO DESCAMPADO;;-2.304.783.666.666.660;-47.065.529.999.999.900;696.0;DESCAMPADO;3;13010001
35;9502;5;2;ESTRADA;;DO DESCAMPADO;;-23.045.015.000.000.000;-4.707.152.666.666.660;681.0;DESCAMPADO;3;13010009
35;9502;5;2;ESTRADA;;SANTOS DUMONT ATE REFORMA AGRARIA;;-23.044.315;-47.082.751.638.888.800;655.0;ESTRADA DO DESCAMPADO;3;13010001
35;9502;5;2;ESTRADA;;SANTOS DUMONT ATE REFORMA AGRARIA;;-23.042.999.972.222.200;-47.083.599.972.222.200;665.0;ESTRADA DO DESCAMPADO;3;13010002
35;9502;5;2;ESTRADA;;SANTOS DUMONT ATE REFORMA AGRARIA;;-23.043.165.000.000.000;-4.708.178.166.666.660;655.0;ESTRADA DO DESCAMPADO;3;13010002
35;9502;5;2;ESTRADA;;SANTOS DUMONT ATE REFORMA AGRARIA;;-2.303.974.830.555.550;-47.081.155;647.0;ESTRADA DO DESCAMPADO;3;13010002
35;9502;5;2;ESTRADA;;SANTOS DUMONT ATE REFORMA AGRARIA;;-2.303.541.666.666.660;-47.082.729.972.222.200;678.0;ESTRADA DO DESCAMPADO;3;13010002
35;9502;5;2;ESTRADA;;SANTOS DUMONT ATE REFORMA AGRARIA;;-23.039.414.972.222.200;-4.708.421.833.333.330;673.0;ESTRADA DO DESCAMPADO;3;13010200
35;9502;5;2;ESTRADA;;SANTOS DUMONT ATE REFORMA AGRARIA;;-23.040.728.305.555.500;-4.708.480.330.555.550;680.0;ESTRADA DO DESCAMPADO;3;13010002
35;9502;5;2;ESTRADA;;DO MACUCO;;-23.038.268.333.333.300;-4.705.842.497.222.220;627.0;BAIRRO DESCAMPADO;3;13010003
35;9502;5;2;ESTRADA;;DO MACUCO;;-23.042.885.000.000.000;-4.705.739.330.555.550;643.0;DESCAMPADO;3;13010009
35;9502;5;2;ESTRADA;;VELHA IDAIATUBA;;-23.021.038.305.555.500;-4.709.716.330.555.550;650.0;DESCAMPADO;3;13010009
35;9502;5;2;RUA;;JOSE ARNOLDO AMBIEL;;-2.303.361.663.888.880;-4.708.978.166.666.660;645.0;JARDIM SAO DOMINGOS;3;13010009
35;9502;5;2;RUA;DOUTOR;ADHEMAR BARROS KM 123 PONTE AL;;-22.786.198.333.333.300;-4.703.152;599.0;COLONIA TOZAN;3;13012100
35;9502;5;2;RUA;DOUTOR;ADHEMAR BARROS KM 123 PONTE AL;123.0;-22.763.595;-4.704.890.830.555.550;606.0;COLONIA TOZAN;3;13012100
35;9502;5;2;RUA;DOUTOR;PROF EMILIO COELHO;;-22.764.071.666.666.600;-4.705.314.497.222.220;594.0;COLONIA TOZAN;3;13100900
35;9502;5;2;RUA;DOUTOR;PROF EMILIO COELHO;;-22.757.889.972.222.200;-4.705.433.497.222.220;604.0;COLONIA TOZAN;3;13085702
35;9502;5;2;ESTRADA;;DA SERVIDAO;;-23.047.243.333.333.300;-4.713.552.330.555.550;638.0;BAIRRO HELVETIA;3;13052970
35;9502;5;2;ESTRADA;;MUNICIPAL CAMPINAS A INDAIATUB;;-23.032.019.972.222.200;-47.154.745;627.0;VISTA ALEGRE;3;13337315
35;9502;5;2;RUA;;DOS PINHEIROS;54.0;-23.035.855;-47.143.971.666.666.600;577.0;RECREIO CAMPESTRE DE VIRACOPOS 6;3;13055609
35;9502;5;2;RUA;;LAVIERI PEREIRA DA SILVA;;-23.037.108.333.333.300;-47.147.708.333.333.300;591.0;JARDIM SANTA MARIA 1;3;13055609
35;9502;5;2;RUA;;LAVIERI PEREIRA DA SILVA;;-23.037.978.333.333.300;-47.148.269.972.222.200;598.0;JARDIM SANTA MARIA;3;13055609
35;9502;5;2;RUA;;LAVIERI PEREIRA DA SILVA;32.0;-2.304.228;-4.713.912.666.666.660;637.0;JARDIM SANTA MARIA 1;3;13055609
35;9502;5;2;RUA;;LAVIERI PEREIRA DA SILVA;186.0;-23.039.268.305.555.500;-4.714.369.663.888.880;639.0;JARDIM SANTA MARIA 1;3;13055609
35;9502;5;2;RUA;;LAVIERI PEREIRA DA SILVA;;-2.303.729.663.888.880;-47.147.889.972.222.200;592.0;JARDIM SANTA MARIA;3;13055609
35;9502;5;2;RUA;;LAVIERI PEREIRA DA SILVA;;-2.304.228.663.888.880;-47.139.968.305.555.500;660.0;PARQUE DE VIRACOPOS;3;13010003
35;9502;5;2;RUA;;LAVIERI PEREIRA DA SILVA;186.0;-23.039.839.972.222.200;-47.144.108.333.333.300;634.0;JARDIM SANTA MARIA 1;3;13055609
35;9502;5;2;RUA;;LAVIERI PEREIRA DA SILVA;1305.0;-23.043.775;-4.713.845.833.333.330;639.0;JARDIM SANTA MARIA 2;3;13055609
35;9502;5;2;RODOVIA;;SANTOS DUMONT;;-23.053.794.972.222.200;-47.141.959.972.222.200;622.0;BAIRRO HALVETTI;3;13052970
35;9502;5;2;RODOVIA;;SANTOS DUMONT;;-23.054.514.972.222.200;-4.714.219.666.666.660;614.0;BAIRRO HELVETIA;3;13052970
35;9502;5;2;RODOVIA;;SANTOS DUMONT;63.0;-2.304.850.163.888.880;-4.713.905.497.222.220;650.0;JARDIM SANTA MARIA;3;13052970
35;9502;5;2;RUA;;A;250.0;-23.056.503.333.333.300;-4.714.304.166.666.660;604.0;BAIRRO HELVETIA;3;13052970
35;9502;5;2;RUA;;CAMINHO DA SERVIDAO;79.0;-23.035.913.333.333.300;-4.714.570.997.222.220;596.0;RECREIO CAMPESTRE DE VIRACOPOS 6;3;13055609
35;9502;5;2;ALAMEDA;;ANTONIO AMBIEL;6224.0;-23.037.298.333.333.300;-4.715.770.833.333.330;573.0;BAIRRO HELVETIA;3;13337315
35;9502;5;2;ALAMEDA;;ANTONIO AMBIEL;6224.0;-2.303.729.663.888.880;-4.715.761.997.222.220;577.0;BAIRRO HELVETIA;3;13337315
35;9502;5;2;CAMINHO;;SEM DENOMINACAO;;-23.043.960.000.000.000;-4.714.220.997.222.220;644.0;JARDIM SANTA MARIA 1;3;13055609
35;9502;5;2;FAZENDA;;LAGOA FORMOSA;;-22.782.954.999.999.900;-4.693.940.666.666.660;741.0;CARLOS GOMES;3;13010000
35;9502;5;2;FAZENDA;;LAGOA FORMOSA;;-22.783.038.305.555.500;-4.693.936.163.888.880;723.0;CARLOS GOMES;3;13010000
35;9502;5;2;RUA;;AUGUSTO FERREIRA LARA;65.0;-22.786.921.666.666.600;-4.695.019.166.666.660;694.0;GARGANTILHA;3;13010000
35;9502;5;2;RUA;;REPUBLICA DA ARMENIA;2474.0;-22.781.943.305.555.500;-4.694.796.833.333.330;723.0;GARGANTILHA;3;13098000
35;9502;5;2;ESTRADA;;DO SERVIDAO;;-22.769.154.999.999.900;-4.697.593.666.666.660;646.0;CARLOS GOMES;3;13099103
35;9502;5;2;ESTRADA;;DO SERVIDAO;;-22.760.433.333.333.300;-46.990.245;607.0;CARLOS GOMES;3;13099103
35;9502;5;2;ESTRADA;;SEM DENOMINACAO;;-2.277.345;-46.964.603.305.555.500;726.0;GARGANTILHA;3;13099103
35;9502;5;2;ESTRADA;;TANQUINHO;;-22.773.773.305.555.500;-4.696.324.330.555.550;719.0;CARLOS GOMES;3;13099103
35;9502;5;2;RUA;;ANTONIO IGNACIO PUPO;1500.0;-2.276.596;-4.697.364;702.0;JARDIM MONTE BELO;3;13099103
35;9502;5;2;RODOVIA;DOUTOR;ADHEMAR DE BARROS;118.0;-2.282.135;-4.703.780.666.666.660;579.0;ANHUMAS;3;13092620
35;9502;10;2;RODOVIA;;ZEFERINO VAZ;114.0;-22.836.581.666.666.600;-4.709.047.163.888.880;591.0;MATA SANTA GENBRA;3;13010000
35;9502;10;2;RODOVIA;DOM;PEDRO 1;138.0;-22.843.133.305.555.500;-4.707.190.330.555.550;640.0;JARDIM SANTA GENEBRA;3;13080010
35;9502;10;2;AVENIDA;;GUILHERME CAMPOS;;-2.283.642;-4.706.758.833.333.330;606.0;JARDIM SANTA GENEBRA;3;13086090
35;9502;5;2;ESTRADA;;DO FOGUETEIRO;;-2.302.331;-4.715.092;641.0;JARDIM CALIFORNIA;3;13052970
35;9502;5;2;RUA;;JOAO BERTAZZOLI FILHO;32.0;-23.032.666.638.888.800;-4.713.891.997.222.220;630.0;JARDIM NOVO ITAGUACU;3;13055512
35;9502;5;2;RUA;;RUBENS CONTADOR;;-23.033.333.333.333.300;-4.714.358.333.333.330;596.0;JARDIM NOVO ITAGUACU;3;13055508
35;9502;15;2;ESTRADA;;CAM 123;;-22.902.196.666.666.600;-4.695.310.830.555.550;679.0;JOQUIM EGIDIO;3;13010003
35;9502;15;2;ESTRADA;;DA USINA SALTO GRANDE;;-2.292.478.666.666.660;-46.902.028.333.333.300;679.0;JOAQUIM EGIDIO;3;13010002
35;9502;15;2;ESTRADA;;DA USINA SALTO GRANDE;;-22.907.668.333.333.300;-4.691.543;690.0;JOAQUIM EGIDIO;3;13010002
35;9502;15;2;RODOVIA;;JOSE BONLFACIO COUTINHO NOGUEI;;-22.895.503.333.333.300;-4.688.389.163.888.880;744.0;S0USAS;3;13108273
35;9502;15;2;RUA;;GOMES BALSAS;999.0;-22.913.273.333.333.300;-4.694.811.333.333.330;674.0;JOAQUIM EGIDIO;3;13108049
35;9502;15;2;RUA;;GOMES BALSAS;999.0;-22.913.494.999.999.900;-4.694.824.833.333.330;673.0;JOAQUIM EGIDIO;3;13108049
35;9502;15;2;RUA;DONA;ISABEL FRAGOSO FERRAO;700.0;-22.897.874.972.222.200;-4.694.913.333.333.330;661.0;JOAQUIM EGIDIO;3;13108049
35;9502;15;2;RODOVIA;DOM;PEDRO I KM 118;;-2.292.319.163.888.880;-4.692.274.666.666.660;775.0;BAIRRO DOS LOPES;3;13010903
35;9502;25;2;RUA;;LUIZ CORAZOLLA;;-22.886.438.333.333.300;-46.988.305.000.000.000;687.0;JARDIM CONCEICAO;3;13010000
35;9502;25;2;ESTRADA;;SOUSAS PEDREIRA;;-22.814.164.972.222.200;-46.916.351.666.666.600;679.0;SOUSAS;3;13010000
35;9502;25;2;ESTRADA;;SOUSAS PEDREIRA;;-22.817.123.333.333.300;-46.925.581.666.666.600;680.0;CAMPINAS RURAL;3;13010000
35;9502;25;2;ESTRADA;DOUTOR;LACERDA;;-2.285.528.163.888.880;-4.695.368.497.222.220;654.0;SOUSAS;3;13010000
35;9502;25;2;ESTRADA;DOUTOR;LACERDA;;-22.851.141.666.666.600;-46.918.214.972.222.200;759.0;SOUSAS;3;13010071
35;9502;5;2;AVENIDA;;LIX DA CUNHA;;-2.305.787;-47.123.649.972.222.200;617.0;CIDADE DOS MENINOS;3;13010002
35;9502;5;2;RUA;;MARIA MERCEDES ETTER VON ZUBEN;;-22.955.866.666.666.600;-4.702.782.333.333.330;735.0;TAPERA;3;13010000
35;9502;5;2;RUA;;MARIA MERCEDES ETTER VON ZUBEN;;-22.956.018.333.333.300;-4.702.778.163.888.880;730.0;ITAPERA;3;13040735
35;9502;5;2;RUA;;MARIA MERCEDES ETTER VON ZUBEN;;-22.955.794.972.222.200;-4.702.784.997.222.220;735.0;ITAPERA;3;13040735
35;9502;5;2;RUA;;MARIA MERCEDES ETTER VON ZUBEN;5.0;-2.295.635.997.222.220;-47.030.811.666.666.600;716.0;ANTONIO VON ZUBEN;3;13044503
35;9502;5;2;RUA;;MARIA MERCEDES ETTER VON ZUBEN;;-2.295.789.163.888.880;-47.030.006.638.888.800;726.0;ANTONIO VON ZUBEN;3;13044503
35;9502;5;2;RUA;;MARIA MERCEDES ETTER VON ZUBEN;;-22.956.871.666.666.600;-4.702.767.166.666.660;710.0;CAMPINAS RURAL;3;13010000
35;9502;5;2;RUA;;MARIA MERCEDES ETTER VON ZUBEN;;-22.961.423.333.333.300;-4.702.613;775.0;CAMPINAS RURAL;3;13010000
35;9502;5;2;RUA;;MARIA MERCEDES ETTER VON ZUBEN;;-2.296.074.663.888.880;-4.702.733.830.555.550;756.0;CAMPINAS RURAL;3;13010000
35;9502;5;2;RUA;;MARIA MERCEDES ETTER VON ZUBEN;;-22.961.386.666.666.600;-4.702.607.166.666.660;768.0;CAMPINAS RURAL;3;13010000
35;9502;5;2;ESTRADA;;ESTRADA MUNICIPAL DO CAMPO GRA;27.0;-22.919.348.333.333.300;-4.719.117.166.666.660;616.0;BAIRRO DO CAMPO GRANDE;3;13058009
35;9502;5;2;PROLONGAMENTO;;DA RUA OITO DA CRUZEIRO;;-22.930.348.333.333.300;-4.718.627.330.555.550;612.0;JARDIM SANTA ROSA;3;13058009
35;9502;5;2;ESTRADA;;DO CAMPO GRANDE;2000.0;-22.924.963.333.333.300;-4.718.881.333.333.330;614.0;CAMPO GRANDE;3;13010010
35;9502;5;2;ESTRADA;;SERVIDAO G;53.0;-22.917.458.305.555.500;-4.717.360.333.333.330;587.0;NUCLEO SANTA ISABEL;3;13185000
35;9502;5;2;ESTRADA;;SERVIDAO G;;-22.922.831.666.666.600;-47.171.928.305.555.500;595.0;NUCLEO SANTA ISABEL;3;13185000
35;9502;5;2;ESTRADA;;ANHUMAS;;-22.828.165;-47.005.608.333.333.300;681.0;BAIRRO ANHUMAS;3;13010001
35;9502;5;2;ESTRADA;;PARA FAZENDA SAO VICENTE;;-2.283.117.497.222.220;-4.701.407.997.222.220;681.0;PESQUEIRO SAO FRANCISCO;3;13105000
35;9502;5;2;ESTRADA;;SAO VICENTE;;-22.830.661.638.888.800;-47.013.485;669.0;PARQUE ANHUMAS;3;13098319
35;9502;5;2;ESTRADA;;SAO VICENTE;;-2.283.413.497.222.220;-47.010.019.972.222.200;711.0;PARQUE ANHUMAS;3;13098319
35;9502;5;2;ESTRADA;;SAO VICENTE;;-22.827.339.972.222.200;-47.015.773.333.333.300;677.0;PARQUE ANHUMAS;3;13098319
35;9502;5;2;RODOVIA;;SP340;;-22.825.106.666.666.600;-47.009.355;681.0;RECANTO DOS DOURADOS;3;13098319
35;9502;5;2;RODOVIA;;SP340;116.0;-2.282.501.163.888.880;-4.701.212;683.0;RECANTO DOS DOURADOS;3;13010000
35;9502;5;2;RODOVIA;;SP340;116.0;-22.828.726.666.666.600;-4.701.224.666.666.660;677.0;RECANTO DOS DOURADOS;3;13098319
35;9502;5;2;RODOVIA;;SP340;116.0;-22.825.775;-47.009.341.666.666.600;675.0;RECANTO DOS DOURADOS;3;13098319
35;9502;5;2;RODOVIA;;SP340;116.0;-2.282.457.663.888.880;-4.699.962.166.666.660;657.0;RECANTO DOS DOURADOS;3;13098319
35;9502;5;2;RODOVIA;;SP340;116.0;-22.829.061.666.666.600;-4.700.556.163.888.880;691.0;RECANTO DOS DOURADOS;3;13098319
35;9502;5;2;RODOVIA;;SP340;116.0;-22.830.861.666.666.600;-47.003.998.333.333.300;687.0;RECANTO DOS DOURADOS;3;13098319
35;9502;5;2;RODOVIA;;SP340;116.0;-22.830.474.972.222.200;-4.700.423.997.222.220;691.0;RECANTO DOS DOURADOS;3;13010000
35;9502;5;2;RODOVIA;;SP340;116.0;-22.825.871.666.666.600;-4.701.248;667.0;BAIRRO ANHUMAS;3;13098031
35;9502;5;2;RODOVIA;;SP340;116.0;-22.825.425;-4.700.402.666.666.660;674.0;RECANTO DOS DOURADOS;3;13098319
35;9502;5;2;RODOVIA;;SP340;116.0;-22.826.083.333.333.300;-4.700.510.997.222.220;678.0;RECANTO DOS DOURADOS;3;13098319
35;9502;5;2;RODOVIA;;SP340;116.0;-2.282.531.663.888.880;-46.999.048.333.333.300;667.0;RECANTO DOS DOURADOS;3;13098319
35;9502;5;2;RODOVIA;;SP340;116.0;-2.283.211;-4.700.707.497.222.220;700.0;RECANTO DOS DOURADOS;3;13010001
35;9502;5;2;RODOVIA;;SP340;116.0;-22.833.293.305.555.500;-4.700.748.166.666.660;705.0;RECANTO DOS DOURADOS;3;13098319
35;9502;5;2;RODOVIA;;SP340;116.0;-22.824.654.972.222.200;-47.000.465;663.0;RECANTO DOS DOURADOS;3;13098319
35;9502;5;2;RODOVIA;;SP340;116.0;-22.832.248.333.333.300;-46.996.453.305.555.500;690.0;RECANTO DOS DOURADOS;3;13010002
35;9502;5;2;RODOVIA;;SP340;121.0;-2.280.084.163.888.880;-46.990.485;611.0;RECANTO DOS DOURADOS;3;13010000
35;9502;5;2;RODOVIA;;SP340;;-22.825.568.333.333.300;-4.701.233.830.555.550;671.0;BAIRRO ANHUMAS;3;13010000
35;9502;5;2;RUA;;GLEBAS DE SAO PEDRO;;-2.282.520.163.888.880;-4.701.213.666.666.660;686.0;GLEBAS DE SAO PEDRO;3;13010000
35;9502;5;2;ESTRADA;;ADELINO CERQUEIRA SERGANTINI;;-22.824.698.305.555.500;-47.004.693.305.555.500;667.0;BAIRRO ANHUMAS;3;13010030
35;9502;5;2;RODOVIA;;DOM PEDRO;;-22.844.958.305.555.500;-47.007.685;661.0;BAIRRO ANHUMAS;3;13010000
35;9502;5;2;RUA;DOUTOR;BERNADOR;501.0;-22.812.931.666.666.600;-4.700.358.833.333.330;631.0;PQ DOS ALECRINS;3;13098537
35;9502;5;2;AVENIDA;;ANHANGUERA;;-22.952.268.333.333.300;-4.706.507.666.666.660;676.0;PROXIMO AO SWISS PARK OFFICE;3;13049900
35;9502;15;1;RODOVIA;;JOSE BONIFACIO COUTINHO NOGUEI;4.0;-22.896.079.999.999.900;-4.693.032.497.222.220;677.0;JOAQUIM EGIDIO;3;13106001
35;9502;5;2;RUA;;LAZARO FERREIRA BARBOSA;814.0;-23.031.628.305.555.500;-47.111.805.000.000.000;657.0;CAMPO BELO;3;13053136
35;9502;5;2;ESTRADA;;VELHA DE INDAIATUBA;35.0;-22.961.504.972.222.200;-4.708.158.166.666.660;622.0;JARDIM IRACI;3;13052495
35;9502;5;2;RODOVIA;;LIX DA CUNHA;73.0;-2.297.115.333.333.330;-47.085.146.638.888.800;593.0;SITIO SANTA MATILDE;3;13051585
35;9502;5;2;RODOVIA;;LIX DA CUNHA;73.0;-22.971.133.305.555.500;-47.085.190.000.000.000;587.0;SETE QUEDAS;3;13040735
35;9502;5;2;RUA;;DOIS;3.0;-22.754.484.972.222.200;-46.987.880.000.000.000;649.0;CARLOS GOMES;3;13099106
35;9502;5;2;RUA;;MATILDE PETIN;19.0;-22.760.829.972.222.200;-46.981.631.666.666.600;676.0;MONTE BELO 1;3;13010000
35;9502;5;2;RUA;;ANTONIO EGIDIO PUPO;;-2.276.215.663.888.880;-4.697.083.830.555.550;702.0;MONTE BELO 1;3;13098899
35;9502;5;2;ENTRADA;;LUIS DE QUEIROZ GUIMARAES;;-23.022.061.666.666.600;-4.708.554.163.888.880;661.0;CAMPINAS;3;13010301
35;9502;5;2;ESTRADA;DOUTOR;JOSE BONIFACIO C NOGUEIR;;-23.002.263.305.555.500;-4.706.886.666.666.660;680.0;REFORMA AGRARIA;3;13010000
35;9502;5;2;ESTRADA;DOUTOR;JOSE BONIFACIO C NOGUEIR;;-23.025.768.305.555.500;-4.707.729.333.333.330;632.0;CAMPINAS;3;13024070
35;9502;5;2;ESTRADA;DOUTOR;JOSE BONIFACIO C NOGUEIR;;-23.016.039.972.222.200;-4.708.070.663.888.880;611.0;REFORMA AGRARIA;3;13279481
35;9502;5;2;ESTRADA;DOUTOR;JOSE BONIFACIO C NOGUEIR;;-2.302.103.333.333.330;-4.708.332.830.555.550;653.0;CAMPINAS;3;13013175
35;9502;5;2;ESTRADA;DOUTOR;JOSE BONIFACIO C NOGUEIR;;-23.028.251.666.666.600;-4.707.931.833.333.330;654.0;CAMPINAS;3;13015907
35;9502;5;2;ESTRADA;DOUTOR;JOSE BONIFACIO C NOGUEIR;;-2.302.705;-4.708.274.163.888.880;648.0;CAMPINAS;3;13023075
35;9502;5;2;ESTRADA;DOUTOR;JOSE BONIFACIO C NOGUEIR;;-23.023.936.666.666.600;-4.708.201.166.666.660;661.0;CAMPINAS;3;13023040
35;9502;5;2;ESTRADA;DOUTOR;JOSE BONIFACIO C NOGUEIR;;-23.025.359.972.222.200;-4.708.203.330.555.550;654.0;CAMPINAS;3;13015150
35;9502;5;2;ESTRADA;DOUTOR;JOSE BONIFACIO C NOGUEIR;;-2.302.655;-47.076.438.333.333.300;629.0;CAMPINAS;3;13012906
35;9502;5;2;ESTRADA;DOUTOR;JOSE BONIFACIO C NOGUEIR;;-23.026.196.638.888.800;-4.708.158.666.666.660;651.0;REFORMA AGRARIA;3;13010010
35;9502;5;2;ESTRADA;DOUTOR;JOSE BONIFACIO C NOGUEIR;;-23.017.623.333.333.300;-47.087.094.972.222.200;640.0;REFORMA AGRARIA;3;13010010
35;9502;5;2;ESTRADA;DOUTOR;JOSE BONIFACIO C NOGUEIR;;-2.302.107.833.333.330;-47.080.495.000.000.000;653.0;REFORMA AGRARIA;3;13010010
35;9502;5;2;ESTRADA;DOUTOR;JOSE BONIFACIO C NOGUEIR;;-23.023.026.638.888.800;-47.080.983.333.333.300;657.0;REFORMA AGRARIA;3;13010009
35;9502;5;2;ESTRADA;DOUTOR;JOSE BONIFACIO C NOGUEIR;;-23.023.811.666.666.600;-47.081.595;659.0;REFORMA AGRARIA;3;13010009
35;9502;5;2;ESTRADA;DOUTOR;JOSE BONIFACIO C NOGUEIR;;-23.027.171.666.666.600;-4.708.048.830.555.550;667.0;REFORMA AGRARIA;3;13010009
35;9502;5;2;ESTRADA;DOUTOR;JOSE BONIFACIO C NOGUEIR;;-23.022.681.638.888.800;-4.708.164.830.555.550;663.0;REFORMA AGRARIA;3;13010010
35;9502;5;2;ESTRADA;DOUTOR;JOSE BONIFACIO C NOGUEIR;;-23.019.343.305.555.500;-47.082.858.333.333.300;658.0;REFORMA AGRARIA;3;13010009
35;9502;5;2;ESTRADA;DOUTOR;JOSE BONIFACIO C NOGUEIR;7.0;-23.016.735;-47.075.991.638.888.800;599.0;REFORMA AGRARIA;3;13279481
35;9502;5;2;ESTRADA;DOUTOR;JOSE BONIFACIO C NOGUEIR;69.0;-23.017.416.666.666.600;-4.707.472.830.555.550;605.0;REFORMA AGRARIA;3;13279481
35;9502;5;2;RUA;PADRE;MODESTO NUNES;3.0;-23.011.593.333.333.300;-4.707.700.333.333.330;610.0;REFORMA AGRARIA;3;13279481
35;9502;5;2;RUA;PADRE;MODESTO NUNES;;-23.012.188.305.555.500;-47.074.313.305.555.500;641.0;REFORMA AGRARIA;3;13279481
35;9502;5;2;TRAVESSA;DOUTOR;JOSE B C NOGUEIRA;;-23.022.025;-4.708.175.666.666.660;655.0;REFORMA AGRARIA;3;13012909
35;9502;5;2;ESTRADA;;LUIS DE QUEIROZ GUIMARAES;;-2.301.513.163.888.880;-4.707.640.330.555.550;617.0;REFORMA AGRARIA;3;13279481
35;9502;5;2;ESTRADA;;LUIS DE QUEIROZ GUIMARAES;7.0;-2.301.574.663.888.880;-47.077.114.972.222.200;602.0;REFORMA AGRARIA;3;13279481
35;9502;5;2;ESTRADA;;LUIS DE QUEIROZ GUIMARAES;69.0;-23.003.526.666.666.600;-4.706.897.830.555.550;657.0;REFORMA AGRARIA;3;13279481
35;9502;5;2;ESTRADA;;LUIS DE QUEIROZ GUIMARAES;;-23.005.461.666.666.600;-4.706.812.666.666.660;648.0;MACUCO;3;13279481
35;9502;5;2;ESTRADA;;LUIS DE QUEIROZ GUIMARAES;71.0;-23.006.469.972.222.200;-4.706.844.163.888.880;652.0;MACUCO;3;13279481
35;9502;5;2;ESTRADA;;LUIS DE QUEIROZ GUIMARAES;;-23.015.726.666.666.600;-47.075.453.333.333.300;631.0;REFORMA AGRARIA;3;13279481
35;9502;5;2;ESTRADA;;LUIS DE QUEIROZ GUIMARAES;;-2.300.527;-47.070.148.333.333.300;662.0;MACUCO;3;13279481
35;9502;5;2;ESTRADA;DOUTOR;JOSE BONIFACIO COUTINHO NOGUEIRA;64.0;-23.022.708.333.333.300;-47.075.611.638.888.800;618.0;REFORMA AGRARIA;3;13279481
35;9502;5;2;ESTRADA;DOUTOR;JOSE BONIFACIO COUTINHO NOGUEIRA;;-23.018.558.305.555.500;-4.707.840.497.222.220;617.0;REFORMA AGRARIA;3;13279481
35;9502;5;2;ESTRADA;DOUTOR;JOSE BONIFACIO COUTINHO NOGUEIRA;;-23.019.704.972.222.200;-4.707.823.666.666.660;639.0;REFORMA AGRARIA;3;13279481
35;9502;5;2;ESTRADA;DOUTOR;JOSE BONIFACIO COUTINHO NOGUEIRA;;-23.024.526.638.888.800;-4.707.428.663.888.880;611.0;REFORMA AGRARIA;3;13279481
35;9502;5;2;ESTRADA;DOUTOR;JOSE BONIFACIO COUTINHO NOGUEIRA;27.0;-23.019.015;-47.075.835.000.000.000;622.0;REFORMA AGRARIA;3;13279481
35;9502;5;2;ESTRADA;DOUTOR;JOSE BONIFACIO COUTINHO NOGUEIRA;29.0;-230.217;-47.075.588.333.333.300;612.0;REFORMA AGRARIA;3;13279481
35;9502;5;2;ESTRADA;DOUTOR;JOSE BONIFACIO COUTINHO NOGUEIRA;29.0;-2.302.133;-4.707.636.830.555.550;622.0;REFORMA AGRARIA;3;13279481
35;9502;5;2;ESTRADA;DOUTOR;JOSE BONIFACIO COUTINHO NOGUEIRA;;-2.301.899;-47.076.033.333.333.300;621.0;REFORMA AGRARIA;3;13279481
35;9502;5;2;ESTRADA;DOUTOR;JOSE BONIFACIO COUTINHO NOGUEIRA;;-23.019.053.333.333.300;-47.074.635;607.0;REFORMA AGRARIA;3;13279481
35;9502;5;2;ESTRADA;DOUTOR;JOSE BONIFACIO COUTINHO NOGUEIRA;;-23.019.368.305.555.500;-47.076.080.000.000.000;609.0;REFORMA AGRARIA;3;13279481
35;9502;5;2;SEM;;SEM LOGRADOURO;;-22.979.509.999.999.900;-4.708.723.330.555.550;585.0;CHACARA DO GIDO;3;13010000
35;9502;5;2;RUA;;ZE FERNANDES DE LIMA;;-2.288.271;-47.027.658.305.555.500;638.0;PARQUE BRASILIA;3;13010000
35;9502;5;2;RUA;;SUMI SASAKI;;-22.882.203.305.555.500;-47.019.194.999.999.900;637.0;VILA LAFAIETE ALVARO;3;13091339
35;9502;5;2;AVENIDA;;MAKENZIE;;-22.887.229.972.222.200;-4.702.122.330.555.550;643.0;VILA BRANDINA;3;13010000
35;9502;5;2;RODOVIA;DOUTOR;ADHEMAR DE BARROS;118.0;-22.812.355;-4.703.724.666.666.660;571.0;PAUDALHO;3;13010000
35;9502;5;2;PROLONGAMENTO;;DA AVENIDA JONH BOYD DUNLOP;;-22.937.751.666.666.600;-4.719.206.666.666.660;605.0;CAMPO GRANDE;3;13058326
35;9502;5;2;ESTRADA;;JOHN BOYD DUNLOP;;-22.938.883.305.555.500;-47.186.328.305.555.500;631.0;CAMPO GRANDE;3;13058326
35;9502;5;2;RUA;;DEZESSETE;;-2.277.690.997.222.220;-4.695.181.497.222.220;689.0;GARGANTILHA;3;13098815
35;9502;5;2;ESTRADA;;DE FURNAS;;-22.792.486.638.888.800;-4.700.042.997.222.220;629.0;BAIRRO SAO DOMINGOS;3;13010000
35;9502;5;2;ESTRADA;;DE FURNAS;;-22.786.061.638.888.800;-4.701.612.330.555.550;616.0;CARLOS GOMES;3;13010000
35;9502;5;2;ESTRADA;;SERVIDAO;;-2.276.672.333.333.330;-46.993.116.666.666.600;622.0;CARLOS GOMES;3;13099102
35;9502;5;2;ESTRADA;;SERVIDAO;;-2.276.492;-4.699.725.330.555.550;626.0;CARLOS GOMES;3;13099102
35;9502;5;2;ESTRADA;;SERVIDAO;;-2.275.895.166.666.660;-47.002.265;610.0;CARLOS GOMES;3;13099110
35;9502;5;2;RUA;;WALTER FRANCO DE LIMA;;-22.764.023.333.333.300;-4.700.490.833.333.330;605.0;CARLOS GOMES;3;13099102
35;9502;5;2;RUA;;WALTER FRANCO DE LIMA;;-22.762.601.666.666.600;-47.007.694.972.222.200;590.0;CARLOS GOMES;3;13099102
35;9502;5;2;RUA;;WALTER FRANCO DE LIMA;;-22.766.724.999.999.900;-4.700.874;616.0;CARLOS GOMES;3;13099103
35;9502;5;2;RUA;;WALTER FRANCO DE LIMA;;-22.761.863.333.333.300;-4.700.603;594.0;CARLOS GOMES;3;13099102
35;9502;5;2;RUA;;PEROBA;19.0;-22.736.348.333.333.300;-4.706.362.163.888.880;557.0;CHACARAS MARIANGELA;3;13010009
35;9502;5;2;RUA;;ANTONIO MAROTA;2.0;-2.274.208.663.888.880;-47.059.915;547.0;VILLAGE;3;13085725
35;9502;5;2;RUA;;UM;90.0;-22.736.609.972.222.200;-4.705.389.997.222.220;533.0;CHACARA LEANDRO;3;13010001
35;9502;5;2;RODOVIA;;ADHEMAR PEREIRA DE BARROS;;-22.743.446.666.666.600;-4.702.732.830.555.550;591.0;VILLAGE;3;13010003
35;9502;5;2;RODOVIA;;ADHEMAR PEREIRA DE BARROS;123.0;-22.758.875;-4.703.265.663.888.880;606.0;VALE DAS GARCAS;3;13010003
35;9502;5;2;RODOVIA;;ADHEMAR PEREIRA DE BARROS;127.0;-22.744.738.305.555.500;-4.702.795.833.333.330;592.0;VILLAGE;3;13010010
35;9502;5;2;RODOVIA;;ADHEMAR PEREIRA DE BARROS;17.0;-2.273.972.997.222.220;-4.701.544.997.222.220;565.0;BANANAL;3;13010003
35;9502;5;2;RODOVIA;;ADHEMAR PEREIRA DE BARROS;;-2.274.122.997.222.220;-4.701.613.830.555.550;573.0;BANANAL;3;13010003
35;9502;5;2;RODOVIA;;ADHEMAR PEREIRA DE BARROS;;-22.736.281.666.666.600;-4.701.418;564.0;CARLOS GOMES;3;13010003
35;9502;5;2;RODOVIA;;ADHEMAR PEREIRA DE BARROS;;-22.751.806.666.666.600;-4.702.091.163.888.880;574.0;BANANAL;3;13010010
35;9502;5;2;RODOVIA;;ADHEMAR PEREIRA DE BARROS;;-22.740.029.972.222.200;-4.701.367.497.222.220;565.0;BANANAL;3;13010003
35;9502;5;2;ESTRADA;;DO FOGUETEIRO;;-23.028.086.638.888.800;-47.175.401.638.888.800;604.0;FOGUETEIRO;3;13015927
35;9502;5;2;ESTRADA;;DO FOGUETEIRO;;-2.302.303;-4.717.755.830.555.550;585.0;FOGUETEIRO;3;13054030
35;9502;5;2;ESTRADA;;DO FOGUETEIRO;;-2.302.639.497.222.220;-4.717.424.166.666.660;611.0;FOGUETEIRO;3;13036260
35;9502;5;2;ESTRADA;;DO FOGUETEIRO;;-23.024.181.666.666.600;-4.718.508.166.666.660;575.0;RECANTO CAMPESTRE DE VIRACOPOS;3;13023901
35;9502;5;2;ESTRADA;;DO FOGUETEIRO;;-23.026.701.638.888.800;-4.717.821.333.333.330;576.0;FOGUETEIRO;3;13015912
35;9502;5;2;ESTRADA;;DO FOGUETEIRO;;-23.023.776.666.666.600;-4.717.226.497.222.220;605.0;FOGUETEIRO;3;13013173
35;9502;5;2;ESTRADA;;DO FOGUETEIRO;;-23.023.313.305.555.500;-4.717.397.333.333.330;599.0;FOGUETEIRO;3;13013020
35;9502;5;2;ESTRADA;;DO FOGUETEIRO;;-23.020.288.333.333.300;-4.718.399.833.333.330;548.0;RECANTO CAMPESTRE DE VIRACOPOS;3;13015315
35;9502;5;2;ESTRADA;;DO FOGUETEIRO;;-2.302.235.333.333.330;-47.171.699.999.999.900;602.0;FRIBURGO;3;13010215
35;9502;5;2;ESTRADA;;MUNICIPAL CAMPINAS A INDAIDA;;-2.303.054.997.222.220;-47.155.541.666.666.600;637.0;VISTA ALEGRE;3;13010900
35;9502;5;2;ESTRADA;;VELHA DE INDAIATUBA;;-2.303.726.330.555.550;-4.715.812.666.666.660;588.0;HELDITIA;3;13041306
35;9502;5;2;RUA;;ISABEL;;-23.021.419.972.222.200;-47.183.636.666.666.600;577.0;PORTAL DA MATA;3;13030730
35;9502;5;2;ESTRADA;;MAO BRANCA;;-22.925.599.972.222.200;-4.713.482.163.888.880;596.0;CAMPINAS;3;13010000
35;9502;5;2;ESTRADA;;MAO BRANCA;;-22.925.293.305.555.500;-4.713.529;583.0;SATELITE IRIS 1;3;13083745
35;9502;5;2;ESTRADA;;MAO BRANCA;;-22.928.253.333.333.300;-47.138.978.333.333.300;581.0;SATELITE IRIS;3;13083745
35;9502;5;2;ESTRADA;;MAO BRANCA;;-22.920.288.333.333.300;-4.715.606.833.333.330;569.0;RIBEIRAO;3;13083745
35;9502;5;2;ESTRADA;;MAO BRANCA;;-22.927.544.972.222.200;-4.714.200.666.666.660;581.0;SATELITE IRIS;3;13083745
35;9502;5;2;AVENIDA;;JOHN BOYD DUNLOP;5600.0;-22.933.701.666.666.600;-4.713.682.163.888.880;630.0;SATELITE IRIS;3;13059587
35;9502;5;2;RUA;;AUGUSTO ROSSIN;211.0;-22.926.138.305.555.500;-4.716.100.330.555.550;597.0;JARDIM ROSSIN;3;13059224
35;9502;5;2;RUA;;AUGUSTO ROSSIN;211.0;-22.921.208.333.333.300;-4.716.074;582.0;JARDIM ROSSIN;3;13059224
35;9502;5;2;AVENIDA;ENGENHEIRO;LUIS ANTONIO LALONI;1101.0;-22.792.104.972.222.200;-4.704.184.163.888.880;601.0;CAMPINAS;3;13086700
35;9502;5;2;AVENIDA;ENGENHEIRO;LUIS ANTONIO LALONI;;-2.277.285.497.222.220;-4.706.641.333.333.330;600.0;TIJUCO DAS TELHAS;3;13085850
35;9502;5;2;AVENIDA;ENGENHEIRO;LUIS ANTONIO LALONI;;-2.277.683;-47.067.418.333.333.300;587.0;COLONIA TOZAN;3;13086700
35;9502;5;2;AVENIDA;ENGENHEIRO;LUIS ANTONIO LALONI;901.0;-2.279.492;-4.704.313.330.555.550;604.0;TIJUCO DAS TELHAS;3;13086700
35;9502;5;2;AVENIDA;ENGENHEIRO;LUIS ANTONIO LALONI;;-22.796.425.000.000.000;-47.040.076.638.888.800;606.0;MORADA DOS EUCALIPTOS;3;13086700
35;9502;5;2;AVENIDA;ENGENHEIRO;LUIS ANTONIO LALONI;901.0;-2.279.490.163.888.880;-4.704.308.663.888.880;589.0;TIJUCO DAS TELHAS;3;13086700
35;9502;5;2;AVENIDA;ENGENHEIRO;LUIS ANTONIO LALONI;1111.0;-2.278.952.163.888.880;-4.704.380.333.333.330;600.0;TIJUCO DAS TELHAS;3;13086700
35;9502;5;2;AVENIDA;ENGENHEIRO;LUIS ANTONIO LALONI;;-2.278.880.666.666.660;-4.704.634.497.222.220;605.0;TIJUCO DAS TELHAS;3;13086700
35;9502;5;2;AVENIDA;ENGENHEIRO;LUIS ANTONIO LALONI;1920.0;-22.788.126.666.666.600;-47.048.276.666.666.600;589.0;TIJUCO DAS TELHAS;3;13086700
35;9502;5;2;AVENIDA;ENGENHEIRO;LUIS ANTONIO LALONI;;-22.787.193.305.555.500;-4.705.304.830.555.550;580.0;COLONIA TOZAN;3;13086700
35;9502;5;2;AVENIDA;ENGENHEIRO;LUIS ANTONIO LALONI;;-2.277.883.497.222.220;-4.705.616.330.555.550;591.0;TIJUCO DAS TELHAS;3;13086700
35;9502;5;2;RUA;;ANNA BOGON DRESSLER;;-22.780.081.638.888.800;-4.705.869.330.555.550;600.0;COLONIA TOZAN;3;13085540
35;9502;5;2;RUA;;ANNA BOGON DRESSLER;;-22.780.775;-47.059.461.666.666.600;594.0;COLONIA TOZAN;3;13085545
35;9502;5;2;RUA;;BORTOLO MARTINS;;-2.277.956.497.222.220;-4.705.976;582.0;COLONIA TOZAN;3;13085450
35;9502;5;2;RUA;;BORTOLO MARTINS;100.0;-22.775.406.666.666.600;-4.705.215.163.888.880;594.0;CHACARA MARGARIDA;3;13010000
35;9502;5;2;RUA;;BORTOLO MARTINS;100.0;-22.776.436.666.666.600;-4.705.246.666.666.660;597.0;TIJUCO DAS TELHAS;3;13085450
35;9502;5;2;RUA;;GIUSEPPE MAXIMO SCOLFARO;;-22.797.498.305.555.500;-4.704.978;567.0;COLONIA TOZAN;3;13083100
35;9502;5;2;RUA;;GIUSEPPE MAXIMO SCOLFARO;1057.0;-22.800.323.333.333.300;-4.706.721.666.666.660;591.0;CIDADE UNIVERSITARIA;3;13083100
35;9502;5;2;RUA;;GIUSEPPE MAXIMO SCOLFARO;;-22.803.105.000.000.000;-4.704.434.830.555.550;575.0;CIDADE UNIVERSITARIA;3;13083100
35;9502;5;2;RUA;;GIUSEPPE MAXIMO SCOLFARO;;-22.797.613.333.333.300;-4.705.221.497.222.220;590.0;TIJUCO DAS TELHAS;3;13083100
35;9502;5;2;RUA;;GIUSEPPE MAXIMO SCOLFARO;;-2.279.487.663.888.880;-4.704.843.830.555.550;575.0;CIDADE UNIVERSITARIA;3;13083100
35;9502;5;2;RUA;;SEM DENOMINACAO;;-22.798.838.333.333.300;-4.705.497.330.555.550;593.0;TIJUCO DAS TELHAS;3;13085903
35;9502;5;2;ESTRADA;;MUNICIPAL WEIMAR MORANDI;;-2.277.534;-4.706.008.163.888.880;593.0;COLONIA TOZAN;3;13085450
35;9502;5;2;ESTRADA;;MUNICIPAL WEIMAR MORANDI;102.0;-2.278.010.663.888.880;-4.704.861.497.222.220;570.0;COLONIA TOZAN;3;13085850
35;9502;5;2;ESTRADA;;MUNICIPAL WEIMAR MORANDI;;-22.771.101.638.888.800;-47.053.704.999.999.900;601.0;COLONIA TOZAN;3;13010000
35;9502;5;2;ESTRADA;;MUNICIPAL WEIMAR MORANDI;;-22.771.708.305.555.500;-4.705.569.663.888.880;599.0;COLONIA TOZAN;3;13085850
35;9502;5;2;ESTRADA;;COLONIA TOZAN;6.0;-22.767.631.638.888.800;-47.067.235.000.000.000;604.0;COLONIA TOZAN;3;13085850
35;9502;5;2;ESTRADA;;COLONIA TOZAN;;-22.769.343.305.555.500;-47.072.025.000.000.000;614.0;COLONIA TOZAN;3;13085850
35;9502;20;2;ESTRADA;;MUNICIPAL JOANNINE CAUMO;;-2.282.681.997.222.220;-4.715.162.163.888.880;589.0;CAMPINAS RURAL;3;13010000
35;9502;20;2;ESTRADA;;MUNICIPAL JOANNINE CAUMO;;-22.830.083.305.555.500;-47.148.138.333.333.300;588.0;CAMPINAS RURAL;3;13010000
35;9502;20;2;ESTRADA;;MUNICIPAL JOANNINE CAUMO;;-2.282.793.663.888.880;-47.148.065;593.0;CAMPINAS RURAL;3;13010000
35;9502;20;2;ESTRADA;;MUNICIPAL JOANNINE CAUMO;;-22.823.618.305.555.500;-47.144.905;569.0;AMARAIS;3;13010000
35;9502;20;2;ESTRADA;;MUNICIPAL JOANNINE CAUMO;;-2.282.454.497.222.220;-47.145.073.305.555.500;576.0;AMARAIS;3;13010000
35;9502;20;2;ESTRADA;;MUNICIPAL JOANNINE CAUMO;;-22.828.748.305.555.500;-4.714.413.997.222.220;577.0;AMARAIS;3;13010000
35;9502;20;2;ESTRADA;;MUNICIPAL JOANNINE CAUMO;;-22.830.623.305.555.500;-4.714.454;583.0;AMARAIS;3;13010000
35;9502;20;2;ESTRADA;;MUNICIPAL JOANNINE CAUMO;;-22.825.306.666.666.600;-4.714.293.663.888.880;576.0;AMARAIS;3;13010000
35;9502;20;2;ESTRADA;;MUNICIPAL JOSE SEDANO;;-22.823.285;-4.714.638.330.555.550;574.0;VL OLIMPIA;3;13069390
35;9502;20;2;ESTRADA;;MUNICIPAL JOSE SEDANO;;-22.825.704.972.222.200;-4.714.144.666.666.660;573.0;AMARAIS;3;13069390
35;9502;5;2;CAMPO;;ROSA;;-22.958.293.333.333.300;-4.712.950.166.666.660;575.0;CAMPO GRANDE;3;13010000
35;9502;5;2;ESTRADA;;DE PEDREIRA PARA SOUSAS;;-22.816.005;-4.693.762.497.222.220;641.0;FAZENDA SANTA LIDYA;3;13010002
35;9502;5;2;ESTRADA;;RECANTO PARA GARGANTILHA;;-22.788.669.972.222.200;-4.695.698.497.222.220;638.0;FAZENDA SAO JOSE DO ATIBAIA OU LEAO;3;13010001
35;9502;5;2;ESTRADA;;SOUSAS A PEDREIRA;;-22.811.834.972.222.200;-4.695.870.166.666.660;597.0;TRES PONTES;3;13010002
35;9502;5;2;ESTRADA;;SOUSAS A PEDREIRA;;-22.832.686.666.666.600;-4.696.231.163.888.880;687.0;SOUSAS;3;13010142
35;9502;5;2;ESTRADA;;TANQUINHO;;-2.278.355;-4.696.867.833.333.330;631.0;RECANTO DOS DOURADOS;3;13010003
35;9502;5;2;ESTRADA;;TANQUINHO;;-22.789.616.666.666.600;-4.697.523.830.555.550;596.0;RECANTO DOS DOURADOS;3;13010009
35;9502;5;2;RODOVIA;;SP340;;-22.803.139.972.222.200;-4.697.033.833.333.330;622.0;RECANTO DOS DOURADOS;3;13010003
35;9502;5;2;ESTRADA;;SANTANA;25.0;-22.997.818.305.555.500;-4.709.229.666.666.660;601.0;PEDRA BRANCA;3;13052520
35;9502;5;2;ESTRADA;;VELHA DE INDAIATUBA;;-22.991.003.305.555.500;-4.708.728.333.333.330;610.0;PEDRA BRANCA;3;13052523
35;9502;5;2;ESTRADA;;VELHA DE INDAIATUBA;;-22.988.701.666.666.600;-4.708.675;574.0;PEDRA BRANCA;3;13052523
35;9502;5;2;ESTRADA;;VELHA DE INDAIATUBA;23.0;-22.992.206.666.666.600;-4.708.748.663.888.880;602.0;PEDRA BRANCA;3;13052523
35;9502;5;2;RODOVIA;;LIX DA CUNHA;8.0;-23.001.128.305.555.500;-4.709.310.333.333.330;609.0;BAIRRO 3 VENDAS;3;13052520
35;9502;5;2;RODOVIA;;LIX DA CUNHA;9.0;-23.001.169.972.222.200;-47.094.613.333.333.300;596.0;BAIRRO 3 VENDAS;3;13052520
35;9502;5;2;RODOVIA;;LIX DA CUNHA;51.0;-23.001.013.333.333.300;-47.092.288.305.555.500;614.0;BAIRRO 3 VENDAS;3;13052520
35;9502;5;2;RODOVIA;;LIX DA CUNHA;7.0;-22.994.593.305.555.500;-4.708.596.333.333.330;589.0;PEDRA BRANCA;3;13052523
35;9502;5;2;RODOVIA;;LIX DA CUNHA;8.0;-2.300.059;-47.094.503.333.333.300;598.0;BAIRRO 3 VENDAS;3;13052520
35;9502;5;2;RODOVIA;;LIX DA CUNHA;;-23.001.291.666.666.600;-4.709.281;610.0;BAIRRO 3 VENDAS;3;13052520
35;9502;5;2;RUA;;SEM DENOMINACAO;;-22.953.333.333.333.300;-4.712.113.663.888.880;557.0;CHACARA MARIZA;3;13060726
35;9502;5;2;RUA;;SEM DENOMINACAO;119.0;-22.954.366.666.666.600;-47.120.914.972.222.200;566.0;CHACARA MARIZA;3;13060726
35;9502;5;2;RUA;;ALBERTO CARLOS DUPA VALIN;259.0;-22.951.998.305.555.500;-4.711.676;570.0;VILA PALACIO;3;13060659
35;9502;10;1;RUA;;EMILIA SIGNORI;113.0;-22.833.006.666.666.600;-4.708.472.830.555.550;599.0;BARAO GERALDO;3;13012100
35;9502;10;1;RUA;;ERNESTO SERGIO DOTAVIANO;113.0;-22.797.036.666.666.600;-47.077.015;568.0;GUARA;3;13085345
35;9502;10;1;RUA;;YONI AZEVEDO DE BARROS CAMARGI;48.0;-22.789.745;-4.707.802;563.0;GUARA;3;13085355
35;9502;10;2;RODOVIA;DOM;PEDRO 1;141.0;-22.851.061.666.666.600;-47.099.583.333.333.300;596.0;SANTA GENEBRA;3;13092599
35;9502;5;2;RUA;;ELDER RODRIGUES JUNIOR;334.0;-22.868.131.666.666.600;-47.137.993.305.555.500;579.0;TRES MARIAS;3;13067704
35;9502;5;2;RUA;;CACILDA NAVARRO SAMPAIO;120.0;-2.287.795.997.222.220;-47.138.465;619.0;JARDIM ROSARIO;3;13067709
35;9502;5;2;RUA;;CACILDA NAVARRO SAMPAIO;;-2.288.025;-4.713.820.163.888.880;611.0;CHACARA TRES MARIAS;3;13010000
35;9502;5;2;RUA;;CACILDA NAVARRO SAMPAIO;;-22.875.588.333.333.300;-4.713.724.497.222.220;606.0;CHACARA TRES MARIAS;3;13067709
35;9502;5;2;RUA;;RIO BRANCO;;-2.295.819.663.888.880;-47.177.726.666.666.600;594.0;JARDIM COLINAS DA NASCENTE;3;13060382
35;9502;5;2;AVENIDA;;JOHN BOYD DUNLOP;8820.0;-22.940.568.305.555.500;-4.716.752.833.333.330;586.0;SATELITE IRIS 3;3;13059050
35;9502;5;2;AVENIDA;;JOHN BOYD DUNLOP;22.0;-22.940.283.333.333.300;-4.716.666.330.555.550;584.0;SATELITE IRIS 3;3;13059050
35;9502;20;1;RUA;;RENATO MENDONCA;1.0;-2.286.526.166.666.660;-47.137.501.638.888.800;600.0;BAIRRO TRES MARIAS;3;13067834
35;9502;20;1;RUA;;RENATO MENDONCA;1.0;-22.865.313.305.555.500;-4.713.767.663.888.880;599.0;BAIRRO TRES MARIAS;3;13067834
35;9502;20;1;RUA;;RENATO MENDONCA;11.0;-2.286.645;-4.714.001.830.555.550;604.0;BAIRRO TRES MARIAS;3;13067834
35;9502;20;1;RUA;;OTAVIO VARANDA;25.0;-22.837.881.666.666.600;-47.152.091.666.666.600;610.0;PARQUE CIDADE;3;13069027
35;9502;5;2;ESTRADA;;DO FRIBUGO;;-22.985.905.000.000.000;-4.719.054.666.666.660;584.0;FRIBURGO;3;13057100
35;9502;5;2;ESTRADA;;DO FRIBUGO;;-22.992.948.305.555.500;-4.717.241.830.555.550;613.0;FRIBURGO;3;13057100
35;9502;5;2;ESTRADA;;DO FRIBUGO;;-2.298.988.663.888.880;-47.187.115;567.0;FRIBURGO;3;13057100
35;9502;5;2;ESTRADA;;DO FRIBUGO;;-22.987.973.333.333.300;-4.718.677.663.888.880;573.0;FRIBURGO;3;13057100
35;9502;5;2;ESTRADA;;DO FRIBUGO;;-2.299.351.163.888.880;-4.718.830.663.888.880;558.0;FRIBURGO;3;13057100
35;9502;5;2;ESTRADA;;DO FRIBURGO;100.0;-2.298.510.166.666.660;-4.718.712.497.222.220;572.0;FRIBURGO;3;13057100
35;9502;5;2;ESTRADA;;DO FRIBURGO;;-22.993.278.305.555.500;-4.719.975.833.333.330;625.0;FRIBURGO;3;13057100
35;9502;5;2;ESTRADA;;DO FRIBURGO;;-22.991.753.333.333.300;-47.200.175;613.0;FRIBURGO;3;13057100
35;9502;10;2;ESTRADA;;DA FAZENDA SANTA GENEBRA;;-22.813.268.305.555.500;-4.709.365.163.888.880;581.0;FAZENDA SANTA GENEBRA;3;13084030
35;9502;10;2;RODOVIA;GENERAL;MILTON TAVARES DE LIMA;118.0;-22.820.375;-4.710.365.663.888.880;586.0;FAZENDA SANTA GENEBRA;3;13084030
35;9502;10;2;RUA;;DO SOL;536.0;-2.278.770.163.888.880;-4.708.847.163.888.880;595.0;JARDIM DO SOL;3;13085260
35;9502;10;2;RUA;;DO SOL;400.0;-22.791.228.333.333.300;-47.084.899.972.222.200;590.0;JARDIM DO SOL;3;13085260
35;9502;10;2;AVENIDA;;ALEXANDRE CASELATO;;-2.280.215.663.888.880;-4.710.829.833.333.330;601.0;BETEL;3;13084030
35;9502;10;2;AVENIDA;;ALEXANDRE CASELATO;;-22.798.968.305.555.500;-47.106.595;584.0;BETEL;3;13084030
35;9502;10;2;AVENIDA;;ALEXANDRE CASELATO;;-22.801.979.972.222.200;-4.710.511.666.666.660;585.0;BETEL;3;13084030
35;9502;10;2;AVENIDA;;ALEXANDRE CASELATO;;-22.798.143.333.333.300;-47.103.876.666.666.600;597.0;BETEL;3;13084030
35;9502;10;2;RUA;;ANTONIO MARASCAUCHI;;-22.789.745;-4.709.289.666.666.660;594.0;JARDIM DO SOL;3;13084970
35;9502;10;2;RUA;;ANTONIO MARASCAUCHI;;-22.788.008.305.555.500;-4.709.936.666.666.660;602.0;SOLAR CAMPINAS;3;13085691
35;9502;10;2;RUA;;ANTONIO MARASCAUCHI;5.0;-22.787.948.333.333.300;-4.709.480.163.888.880;600.0;SOLAR CAMPINAS;3;13010000
35;9502;10;2;RUA;;ANTONIO MARASCAUCHI;1.0;-22.789.684.972.222.200;-4.709.143.163.888.880;585.0;JARDIM DO SOL;3;13084970
35;9502;10;2;RUA;;ANTONIO MARASCAUCHI;3.0;-22.786.931.666.666.600;-4.709.352.166.666.660;581.0;JARDIM DO SOL;3;13084970
35;9502;10;2;RODOVIA;;ZEFERINO VAZ;118.0;-2.281.657.166.666.660;-4.710.328.997.222.220;595.0;FAZENDA SANTA GENEBRA;3;13084030
35;9502;5;2;RODOVIA;;SP340;;-2.282.866.163.888.880;-47.019.731.666.666.600;652.0;RECANTO DOS DOURADOS;3;13040735
35;9502;5;2;ESTRADA;;ANTONIO INACIO PUPO;;-22.744.004.972.222.200;-4.693.687.163.888.880;591.0;CARLOS GOMES;3;13010003
35;9502;5;2;ESTRADA;;CARLOS GOMES;;-2.274.226.663.888.880;-46.944.984.972.222.200;599.0;CARLOS GOMES;3;13033671
35;9502;5;2;ESTRADA;;CARLOS GOMES;;-22.750.043.333.333.300;-4.694.488.333.333.330;643.0;CARLOS GOMES;3;13015050
35;9502;5;2;ESTRADA;;DA PEDRA;;-22.780.363.305.555.500;-4.690.409.666.666.660;614.0;SOUSAS;3;13015150
35;9502;5;2;ESTRADA;;DE ACESSO FAZENDA ROZEIRAS;;-22.779.265;-4.690.112.333.333.330;602.0;CARLOS GOMES;3;13015029
35;9502;5;2;ESTRADA;;PARA GARGANTILHA LADO ESQUERDO;;-22.768.906.666.666.600;-4.695.728.997.222.220;725.0;FAZENDA 7 QUEDAS;3;13041580
35;9502;5;2;ESTRADA;;PARA GARGANTILHA LADO ESQUERDO;;-22.764.283.305.555.500;-4.695.774.166.666.660;705.0;FAZENDA CENTENARIO;3;13033530
35;9502;5;2;ESTRADA;;SOUZA PEDREIRA;;-22.785.891.666.666.600;-4.690.641.330.555.550;599.0;CARLOS GOMES;3;13015001
35;9502;5;2;ESTRADA;EVANGELIZADORA;ANTONIO INACIO PUPO;;-2.276.474.333.333.330;-4.694.112.166.666.660;669.0;CARLOS GOMES;3;13034145
35;9502;5;2;RUA;;BENEDITO CARLOS TEIXEIRA;;-2.277.820.663.888.880;-46.943.155;719.0;CARLOS GOMES;3;13033755
35;9502;5;2;RUA;;BENEDITO CARLOS TEIXEIRA;;-22.782.988.305.555.500;-4.693.938.166.666.660;730.0;CARLOS GOMES;3;13040109
35;9502;5;2;AVENIDA;;ELIZEU DE NAVARRO;;-2.273.400.666.666.660;-4.695.245.166.666.660;545.0;NOVA JAGUARIUNA;3;13010000
35;9502;10;2;ESTRADA;;AMARAIS;7.0;-22.816.995;-4.714.178;586.0;AMARAIS;3;13069428
35;9502;10;2;ESTRADA;;DA SERVIDAO;;-22.812.434.972.222.200;-47.128.953.305.555.500;569.0;BETEL;3;13069428
35;9502;10;2;ESTRADA;;DA SERVIDAO;;-22.817.418.333.333.300;-4.713.592.497.222.220;585.0;BETEL;3;13069428
35;9502;10;2;ESTRADA;;DA SERVIDAO;;-22.814.228.333.333.300;-4.713.230.330.555.550;566.0;BETEL;3;13069428
35;9502;10;2;ESTRADA;;DO PARI;;-22.820.145;-4.715.173.330.555.550;591.0;VL OLIMPIA;3;13069428
35;9502;10;2;ESTRADA;;DOS AMARAIS;;-22.820.266.666.666.600;-4.714.112.166.666.660;574.0;VL OLIMPIA;3;13069428
35;9502;10;2;RUA;;JOSE BONOMI;;-22.826.621.666.666.600;-4.713.294.830.555.550;587.0;BETEL;3;13069428
35;9502;10;2;RUA;;JOSE BONOMI;4.0;-22.816.953.305.555.500;-47.128.728.333.333.300;588.0;BETEL;3;13069428
35;9502;10;2;RUA;;JOSE BONOMI;;-22.817.975;-4.712.739.663.888.880;590.0;BETEL;3;13010000
35;9502;10;2;RUA;;JOSE BONOMI;;-2.281.725.997.222.220;-4.712.798;592.0;BETEL;3;13010000
35;9502;10;2;RUA;;JOSE BONOMI;;-22.825.298.305.555.500;-4.712.958.163.888.880;597.0;BETEL;3;13069428
35;9502;10;2;RUA;;JOSE BONOMI;;-22.826.533.333.333.300;-4.713.053.663.888.880;588.0;BETEL;3;13069428
35;9502;10;2;RUA;;JOSE BONOMI;;-22.826.731.666.666.600;-47.130.721.638.888.800;590.0;BETEL;3;13069428
35;9502;10;2;ESTRADA;;MATAO PAULINIA;;-22.821.403.333.333.300;-47.148.448.333.333.300;571.0;BETEL;3;13069428
35;9502;10;2;ESTRADA;;PARI;;-22.818.729.972.222.200;-4.713.731.666.666.660;584.0;BETEL;3;13010000
35;9502;10;2;RUA;;SEM DENOMINACAO;;-22.821.633.305.555.500;-4.713.970.997.222.220;589.0;BETEL;3;13069428
35;9502;10;2;ESTRADA;;MUNICIPAL JOSE SEDANO;;-2.282.302.333.333.330;-4.713.675.333.333.330;597.0;BETEL;3;13069428
35;9502;10;2;RUA;;ANTONIO CEDANO;;-2.282.534.163.888.880;-4.713.639.330.555.550;583.0;BETEL;3;13069428
35;9502;10;2;RUA;;ANTONIO CEDANO;;-22.825.515;-4.713.413;590.0;BETEL;3;13069428
35;9502;10;2;RUA;;ANTONIO CEDANO;;-22.824.629.972.222.200;-47.137.146.638.888.800;585.0;BETEL;3;13069428
35;9502;15;2;ESTRADA;;DAS CABRAS;6.0;-2.288.047.663.888.880;-46.914.296.638.888.800;809.0;JOAQUIM EGIDIO;3;13010003
35;9502;15;2;ESTRADA;;DAS CABRAS;6.0;-22.867.935;-4.688.622;932.0;JOAQUIM EGIDIO;3;13010002
35;9502;15;2;ESTRADA;SANTA;MARIA CAM 133;;-22.859.508.305.555.500;-4.687.692.833.333.330;946.0;JOAQUIM EGIDIO;3;13108046
35;9502;15;2;ESTRADA;SANTA;MARIA CAM 133;;-22.861.831.666.666.600;-4.687.600.666.666.660;922.0;JOAQUIM EGIDIO;3;13010001
35;9502;15;2;RODOVIA;;JOSE BONIFACIO COUTINHO NOGUEI;6.0;-22.891.371.638.888.800;-46.907.741.666.666.600;683.0;JOAQUIM EGIDIO;3;13106001
35;9502;15;2;RODOVIA;;JOSE BONIFACIO COUTINHO NOGUEI;11.0;-22.886.334.972.222.200;-4.687.855.163.888.880;766.0;JOAQUIM EGIDIO;3;13106001
35;9502;15;2;RODOVIA;;JOSE BONIFACIO COUTINHO NOGUEI;6.0;-22.890.373.305.555.500;-4.691.325;692.0;JOAQUIM EGIDIO;3;13106001
35;9502;15;2;RODOVIA;;JOSE BONIFACIO COUTINHO NOGUEI;12.0;-22.877.195;-46.872.218.333.333.300;786.0;JOAQUIM EGIDIO;3;13106001
35;9502;15;2;RODOVIA;;JOSE BONIFACIO COUTINHO NOGUEI;13.0;-2.287.421.997.222.220;-4.687.283.333.333.330;795.0;JOAQUIM EGIDIO;3;13106001
35;9502;15;2;RUA;PROFESSORA;LIDIA DE ABDALLA;4.0;-2.287.132.663.888.880;-4.691.766.166.666.660;791.0;JOAQUIM EGIDIO;3;13108046
35;9502;15;2;RUA;PROFESSORA;LYDIA ABDALA;;-22.879.858.333.333.300;-4.693.511.833.333.330;662.0;JOAQUIM EGIDIO;3;13108046
35;9502;15;2;RUA;PROFESSORA;LYDIA ABDALA;6.0;-22.866.943.333.333.300;-4.691.312.666.666.660;848.0;JOAQUIM EGIDIO;3;13108046
35;9502;15;2;RUA;PROFESSORA;LYDIA ABDALA;;-2.288.698.997.222.220;-4.693.861.330.555.550;661.0;JOAQUIM EGIDIO;3;13108046
35;9502;15;2;RUA;PROFESSORA;LYDIA ABDALA;;-2.285.310.666.666.660;-4.688.969;875.0;JOAQUIM EGIDIO;3;13108046
35;9502;15;2;RUA;PROFESSORA;LYDIA ABDALA;;-2.288.573.163.888.880;-46.938.068.305.555.500;645.0;JOAQUIM EGIDIO;3;13108046
35;9502;15;2;RUA;PROFESSORA;LYDIA ABDALA;1.0;-2.287.935.663.888.880;-46.935.305;667.0;JOAQUIM EGIDIO;3;13108046
35;9502;15;2;RUA;;MANOEL DA SILVA COELHO;220.0;-22.889.833.305.555.500;-46.936.045;669.0;JOAQUIM EGIDIO;3;13108038
35;9502;20;2;RUA;;ELZA MONERATE;72.0;-2.284.995.997.222.220;-4.714.785.666.666.660;595.0;CDHU;3;13069079
35;9502;5;2;RUA;TENENTE;FERNANDO TOLEDO LEME;195.0;-22.979.526.666.666.600;-47.112.974.972.222.200;621.0;DIC 5;3;13054485
35;9502;5;2;ESTRADA;;CAPIVARI;;-230.069;-4.708.115.163.888.880;597.0;TRES VENDAS;3;13010003
35;9502;5;2;ESTRADA;;DA PEDRA BRANCA;;-22.988.691.666.666.600;-4.708.297.833.333.330;582.0;PEDRA BRANCA;3;13010002
35;9502;5;2;ESTRADA;;DA PEDRA BRANCA;;-22.992.689.972.222.200;-4.706.832;674.0;PEDRA BRANCA;3;13279481
35;9502;5;2;ESTRADA;;DA PEDRA BRANCA;124.0;-22.994.893.333.333.300;-4.707.206.666.666.660;671.0;PEDRA BRANCA;3;13010003
35;9502;5;2;ESTRADA;;DA PEDRA BRANCA;;-2.299.618.166.666.660;-4.707.147.997.222.220;671.0;PEDRA BRANCA;3;13010002
35;9502;5;2;ESTRADA;;DA PEDRA BRANCA;;-22.994.064.972.222.200;-470.739;658.0;PEDRA BRANCA;3;13010003
35;9502;5;2;ESTRADA;;DA PEDRA BRANCA;;-22.986.585;-4.707.651.166.666.660;601.0;PEDRA BRANCA;3;13010003
35;9502;5;2;ESTRADA;;DA PEDRA BRANCA;;-2.299.112.663.888.880;-4.707.979.666.666.660;589.0;PEDRA BRANCA;3;13010003
35;9502;5;2;ESTRADA;;DA PEDRA BRANCA;;-2.299.293.663.888.880;-4.706.659.666.666.660;678.0;PEDRA BRANCA;3;13279481
35;9502;5;2;ESTRADA;;DA PEDRA BRANCA;124.0;-22.994.931.666.666.600;-4.707.210.166.666.660;671.0;PEDRA BRANCA;3;13010010
35;9502;5;2;ESTRADA;;LUIS QUEIROS DE GUIMARAES;2.0;-22.991.911.666.666.600;-47.066.494.972.222.200;693.0;REFORMA AGRARIA;3;13279481
35;9502;5;2;ESTRADA;;LUIS QUEIROS DE GUIMARAES;;-2.299.189.663.888.880;-47.066.044.999.999.900;706.0;MACUCO;3;13279481
35;9502;5;2;ESTRADA;;LUIS QUEIROS DE GUIMARAES;;-22.990.945;-47.062.916.666.666.600;708.0;MACUCO;3;13279481
35;9502;5;2;ESTRADA;;LUIS QUEIROS DE GUIMARAES;;-22.994.068.305.555.500;-4.706.698.663.888.880;688.0;REFORMA AGRARIA;3;13279481
35;9502;5;2;ESTRADA;;LUIZ DE QUEIROZ GUIMARAES;;-22.992.128.333.333.300;-47.064.658.333.333.300;703.0;MACUCO;3;13279481
35;9502;5;2;ESTRADA;;SITIO SAO JOAQUIM;;-23.000.355;-47.081.923.305.555.500;631.0;BAIRRO 3 VENDAS;3;13010003
35;9502;5;2;ESTRADA;;SITIO SAO JOAQUIM;;-229.988;-4.708.298.997.222.220;614.0;TRES VENDAS;3;13010009
35;9502;5;2;ESTRADA;;VELHA DE INDAIATUBA;;-22.993.018.333.333.300;-4.708.471.497.222.220;596.0;TRES VENDAS;3;13010003
35;9502;5;2;ESTRADA;;VELHA DE INDAIATUBA;;-2.299.234.166.666.660;-4.708.313.833.333.330;588.0;TRES VENDAS;3;13010002
35;9502;5;2;ESTRADA;;VELHA DE INDAIATUBA;;-2.299.404.163.888.880;-4.708.368.163.888.880;605.0;TRES VENDAS;3;13010002
35;9502;5;2;ESTRADA;;VELHA DE INDAIATUBA;;-2.299.585.663.888.880;-4.707.372.166.666.660;679.0;BAIRRO PEDRA BRANCA;3;13010009
35;9502;5;2;ESTRADA;;VELHA DE INDAIATUBA;;-22.989.038.333.333.300;-4.707.904.833.333.330;609.0;BAIRRO PEDRA BRANCA;3;13010009
35;9502;5;2;RUA;;UM;35.0;-22.983.001.638.888.800;-4.707.714.330.555.550;628.0;SALTINHO;3;13051500
35;9502;5;2;SITIO;;BELA VISTA;;-22.991.231.666.666.600;-4.708.358.997.222.220;592.0;PEDRA BRANCA;3;13010310
35;9502;5;2;RUA;;ANTONIO AFONSO DE LIMA;;-22.988.209.972.222.200;-4.706.304.333.333.330;681.0;SALTINHO;3;13051500
35;9502;5;2;RUA;;ANTONIO AFONSO DE LIMA;546.0;-22.982.273.305.555.500;-4.707.866.833.333.330;613.0;SALTINHO;3;13051500
35;9502;5;2;RUA;;ANTONIO AFONSO DE LIMA;;-22.983.886.666.666.600;-47.072.386.638.888.800;630.0;SALTINHO;3;13051500
35;9502;5;2;RUA;;ANTONIO AFONSO DE LIMA;2100.0;-22.985.386.666.666.600;-47.065.036.638.888.800;677.0;SALTINHO;3;13051500
35;9502;5;2;RUA;;ANTONIO AFONSO DE LIMA;2350.0;-22.985.760.000.000.000;-4.706.413.830.555.550;668.0;SALTINHO;3;13051500
35;9502;5;2;RUA;;ANTONIO AFONSO DE LIMA;;-22.984.136.666.666.600;-47.074.090.000.000.000;602.0;SALTINHO;3;13051500
35;9502;5;2;RUA;;ANTONIO AFONSO DE LIMA;;-22.986.803.305.555.500;-47.063.765;664.0;SALTINHO;3;13051500
35;9502;5;2;RUA;;ANTONIO AFONSO DE LIMA;;-22.985.175;-4.706.464.163.888.880;672.0;SALTINHO;3;13051500
35;9502;5;2;RUA;;ANTONIO AFONSO DE LIMA;209.0;-22.982.153.305.555.500;-4.707.583.833.333.330;610.0;SALTINHO;3;13051500
35;9502;5;2;ESTRADA;;DA SERVIDAO;1.0;-2.299.906.497.222.220;-47.072.343.333.333.300;646.0;PEDRA BRANCA;3;13279481
35;9502;5;2;ESTRADA;;DA SERVIDAO;;-22.987.784.972.222.200;-4.707.323.166.666.660;645.0;SALTINHO;3;13051500
35;9502;5;2;ESTRADA;;DA SERVIDAO;;-2.298.961.163.888.880;-4.707.161.497.222.220;652.0;SALTINHO;3;13051500
35;9502;5;2;ESTRADA;;DA SERVIDAO;;-22.990.625;-47.071.959.972.222.200;667.0;SALTINHO;3;13051500
35;9502;5;2;ESTRADA;;DA SERVIDAO;;-22.991.093.333.333.300;-4.707.176.330.555.550;669.0;SALTINHO;3;13051500
35;9502;5;2;ESTRADA;;DA SERVIDAO;;-2.299.073.330.555.550;-4.707.114.497.222.220;667.0;SALTINHO;3;13051500
35;9502;5;2;ESTRADA;;DA SERVIDAO;118.0;-22.989.890.000.000.000;-4.706.920.166.666.660;684.0;SALTINHO;3;13051500
35;9502;5;2;ESTRADA;;DA SERVIDAO;;-22.986.351.666.666.600;-4.707.200.666.666.660;630.0;SALTINHO;3;13051500
35;9502;5;2;RODOVIA;;LIX DA CUNHA;;-22.990.841.666.666.600;-4.708.368.663.888.880;595.0;TRES VENDAS;3;13010009
35;9502;5;2;AVENIDA;;JOHN BOYD DUNLOP;3670.0;-2.292.268;-47.126.765;616.0;CAMPO GRANDE;3;13060803
35;9502;5;2;RUA;;VIRGINIO MANFRON;;-2.290.926.163.888.880;-4.715.859.333.333.330;586.0;RECREIO SANTA FE;3;13064871
35;9502;5;2;RUA;;MIGUEL GIMENES ALVES;145.0;-22.903.279.972.222.200;-47.163.426.638.888.800;632.0;JARDIM NOSSA SENHORA DA PENHA;3;13010000
35;9502;5;2;RUA;;SEBASTIAO LAZARO DA SILVA;1475.0;-22.902.149.972.222.200;-47.165.101.666.666.600;636.0;NUCLEO SANTA ISABEL;3;13010000
35;9502;5;2;AVENIDA;;ROBERT BOSCH;;-22.899.813.305.555.500;-4.712.422.497.222.220;639.0;FAZENDA RIBEIRAO;3;13064190
35;9502;5;2;RODOVIA;JORNALISTA;FRANCISCO AGUIRRE PROENCA;2.0;-22.893.968.305.555.500;-47.132.669.972.222.200;626.0;SANTA BARBARA;3;13064190
35;9502;15;2;ESTRADA;;DAS CABRAS;;-2.288.720.163.888.880;-4.683.811.333.333.330;798.0;FAZENDA SAO JOAQUIM VELHA;3;13010211
35;9502;15;2;ESTRADA;;DAS CABRAS;;-22.862.448.305.555.500;-46.868.948.305.555.500;887.0;SOUSAS;3;13052061
35;9502;15;2;ESTRADA;;DAS CABRAS;;-22.899.301.666.666.600;-46.841.101.638.888.800;972.0;JOAQUIM EGIDIO;3;13010009
35;9502;15;2;ESTRADA;;DO OBSEVATORIO DE CAPRICORNIO;;-22.888.593.333.333.300;-4.684.380.663.888.880;820.0;SITIO PE DE SERRA;3;13012911
35;9502;15;2;ESTRADA;;DO OBSEVATORIO DE CAPRICORNIO;;-2.288.793;-4.683.748.833.333.330;785.0;QUINTA DO TORTO;3;13010002
35;9502;15;2;ESTRADA;;DO OBSEVATORIO DE CAPRICORNIO;;-22.893.229.972.222.200;-4.683.142.166.666.660;908.0;FAZENDA SAO PEDRO;3;13015909
35;9502;15;2;ESTRADA;;DO OBSEVATORIO DE CAPRICORNIO;;-22.893.928.305.555.500;-4.683.334;919.0;SITIO SANTA LUCILA;3;13035300
35;9502;15;2;ESTRADA;;DO OBSEVATORIO DE CAPRICORNIO;;-22.885.821.666.666.600;-4.684.236.163.888.880;825.0;FAZENDA SAO JOAQUIM NOVA;3;13024230
35;9502;15;2;ESTRADA;;FAZENDA BONFIM EXTENSAO DE T;;-22.880.223.333.333.300;-4.682.699.330.555.550;936.0;FAZENDA BONFIM;3;13010908
35;9502;15;2;ESTRADA;;FAZENDA BONFIM EXTENSAO DE T;;-2.288.215.663.888.880;-46.853.478.333.333.300;808.0;JOAQUIM EGIDIO;3;13010009
35;9502;15;2;ESTRADA;;PICO DAS CABRAS;;-22.901.641.638.888.800;-4.683.619;962.0;SITIO JARDIM PRIMAVERA;3;13010003
35;9502;15;2;ESTRADA;;PICO DAS CABRAS;;-22.902.691.638.888.800;-46.835.571.638.888.800;943.0;SITIO VAVAVERA;3;13010902
35;9502;15;2;ESTRADA;;PICO DAS CABRAS;;-2.290.434.833.333.330;-4.684.019.997.222.220;996.0;DESMEMBRAMENTO DA FAZ SAO JOAQUIM LOTES 37;3;13030119
35;9502;15;2;ESTRADA;;PICO DAS CABRAS;;-22.897.998.305.555.500;-4.684.059.330.555.550;940.0;SITIO DOIS IRMAOS;3;13010001
35;9502;15;2;RODOVIA;;CAM 081;;-22.884.558.305.555.500;-4.687.704.330.555.550;778.0;QUINTA MONTE MORIA;3;13010002
35;9502;15;2;RODOVIA;;CAM 081;;-22.875.163.305.555.500;-4.686.915.330.555.550;797.0;FAZENDA SAO JOSE;3;13010001
35;9502;15;2;RODOVIA;;CAM 081;;-22.880.448.305.555.500;-4.686.226.330.555.550;795.0;FAZENDA DAS CABRAS;3;13015097
35;9502;15;2;RODOVIA;;CAM 081;;-22.878.684.972.222.200;-46.866.078.333.333.300;822.0;JOAQUIM EGIDIO;3;13010003
35;9502;15;2;RUA;;DAS CABRAS;;-22.879.393.333.333.300;-4.686.805.997.222.220;832.0;JOAQUIM EGIDIO;3;13106000
35;9502;5;2;ESTRADA;;DO FOGUETEIRO;;-2.301.052.497.222.220;-47.163.043.333.333.300;613.0;VIRACOPOS;3;13010001
35;9502;5;2;ESTRADA;;DO FOGUETEIRO;;-23.005.558.333.333.300;-4.715.978;610.0;RECANTO CAMPESTRE DE VIRACOPOS;3;13052970
35;9502;5;2;ESTRADA;;DO FOGUETEIRO;;-23.009.588.333.333.300;-4.715.989.333.333.330;595.0;AEROPORTO DE VIRACOPOS;3;13336508
35;9502;5;2;ESTRADA;;DO FOGUETEIRO;;-23.008.138.333.333.300;-471.825;630.0;FRIBURGO;3;13336508
35;9502;5;2;ESTRADA;;DO FOGUETEIRO;3.0;-2.302.109.663.888.880;-4.718.675.497.222.220;575.0;RECANTO CAMPESTRE DE VIRACOPOS;3;13336508
35;9502;5;2;ESTRADA;;DO FOGUETEIRO;;-23.009.475;-4.718.418.666.666.660;621.0;FRIBURGO;3;13336508
35;9502;5;2;ESTRADA;;DO FOGUETEIRO;;-23.004.561.666.666.600;-47.160.848.333.333.300;604.0;FRIBURGO;3;13336508
35;9502;5;2;ESTRADA;;DO FRIBURGO;;-22.994.488.333.333.300;-47.188.453.305.555.500;585.0;BAIRRO FRIBURGO;3;13057566
35;9502;5;2;ESTRADA;;DO MIRIM;;-23.016.123.305.555.500;-4.719.470.163.888.880;604.0;FRIBURGO;3;13010000
35;9502;5;2;ESTRADA;;DO MIRIM;;-23.014.788.305.555.500;-4.719.352.663.888.880;622.0;FRIBURGO;3;13100000
35;9502;5;2;ESTRADA;;DO MIRIM;;-23.028.658.305.555.500;-47.205.471.638.888.800;553.0;FRIBURGO;3;13010000
35;9502;5;2;ESTRADA;;DO MIRIM;;-23.021.991.666.666.600;-4.721.033.830.555.550;580.0;FRIBURGO;3;13010000
35;9502;5;2;ESTRADA;;DO MIRIM;;-2.302.154.997.222.220;-4.720.879.163.888.880;587.0;FRIBURGO;3;13010000
35;9502;5;2;ESTRADA;;DO MIRIM;;-2.302.197.333.333.330;-4.721.041.666.666.660;586.0;FRIBURGO;3;13010000
35;9502;5;2;ESTRADA;;DO MIRIM;;-23.021.793.305.555.500;-47.210.346.666.666.600;577.0;FRIBURGO;3;13010000
35;9502;5;2;ESTRADA;;DO MIRIM;;-23.021.716.666.666.600;-47.210.458.333.333.300;586.0;FRIBURGO;3;13010000
35;9502;5;2;FAZENDA;;ESTIVA 2;3081.0;-2.302.792.663.888.880;-4.718.393.497.222.220;579.0;RECANTO CAMPESTRE DE VIRACOPOS;3;13336508
35;9502;5;2;RUA;;BEGNHOR;;-23.012.863.305.555.500;-47.224.560.000.000.000;566.0;FRIBURGO;3;13010010
35;9502;5;2;RUA;;BEGNHOR;;-23.004.281.638.888.800;-4.721.040.666.666.660;626.0;FRIBURGO;3;13010000
35;9502;5;2;ESTRADA;;PEDRO DEGREECIO JUNIOR;10.0;-2.300.323.997.222.220;-4.720.467.830.555.550;628.0;FRIBURGO;3;13010000
35;9502;5;2;ESTRADA;;PEDRO DEGREECIO JUNIOR;;-2.300.013;-4.720.310.666.666.660;643.0;FRIBURGO;3;13010000
35;9502;5;2;ESTRADA;;JOAO VITAL DE LIMA;3199.0;-23.024.183.305.555.500;-4.718.514.497.222.220;568.0;RECANTO CAMPESTRE DE VIRACOPOS;3;13336508
35;9502;5;2;AVENIDA;ENGENHEIRO;LUIS ANTONIO LALUNE;;-22.754.951.666.666.600;-47.064.143.333.333.300;602.0;COLONIA TOZAN;3;13139899
35;9502;5;2;AVENIDA;ENGENHEIRO;LUIS ANTONIO LALUNE;;-2.275.790.163.888.880;-4.706.565.333.333.330;594.0;COLONIA TOZAN;3;13010002
35;9502;5;2;CAMINHO;;TREZENTOS E QUINZE;;-22.758.358.333.333.300;-47.069.298.305.555.500;598.0;COLONIA TOZAN;3;13084970
35;9502;5;2;CAMINHO;;TREZENTOS E QUINZE;;-2.277.019.497.222.220;-47.078.583.333.333.300;605.0;COLONIA TOZAN;3;13084970
35;9502;5;2;CAMINHO;;TREZENTOS E QUINZE;;-2.276.462.663.888.880;-47.070.343.333.333.300;624.0;COLONIA TOZAN;3;13084970
35;9502;5;2;ESTRADA;;DO SERVIDAO QUATRO;120.0;-22.769.433.333.333.300;-47.073.168.333.333.300;607.0;COLONIA TOZAN;3;13084970
35;9502;5;2;ESTRADA;;DO SERVIDAO QUATRO;;-22.761.621.666.666.600;-4.707.214.666.666.660;611.0;COLONIA TOZAN;3;13084970
35;9502;5;2;ESTRADA;;DO SERVIDAO QUATRO;;-22.758.456.666.666.600;-47.075.205.000.000.000;578.0;JARDIM GUARANTAN;3;13010009
35;9502;5;2;ESTRADA;;SEM DENOMINACAO;;-22.760.181.638.888.800;-4.707.214.330.555.550;609.0;COLONIA TOZAN;3;13084970
35;9502;5;2;RUA;;SEBASTIAO WENCESLAU PINHEIRO;;-22.750.778.333.333.300;-47.075.075.000.000.000;568.0;VILLAGE;3;13084970
35;9502;5;2;RUA;DOUTOR;GUSTAVO ORSOLINI;;-2.299.271.663.888.880;-4.710.620.663.888.880;645.0;NOVA MERCEDES;3;13052501
35;9502;5;2;RUA;DOUTOR;GUSTAVO ORSOLINI;2445.0;-22.992.459.972.222.200;-47.106.496.666.666.600;631.0;NOVA MERCEDES;3;13052501
35;9502;5;2;RUA;DOUTOR;GUSTAVO ORSOLINI;;-22.994.905;-47.101.235;630.0;PEDRA BRANCA;3;13052581
35;9502;5;2;RUA;;JOSE BIGATTO;;-22.993.740.000.000.000;-4.710.291.166.666.660;642.0;NOVA MERCEDES;3;13052501
35;9502;5;2;RUA;;JOSE BIGATTO;;-2.299.450.663.888.880;-4.709.901.166.666.660;625.0;PEDRA BRANCA;3;13052501
35;9502;5;2;RUA;;JOSE BIGATTO;;-2.299.361.163.888.880;-4.710.290.833.333.330;629.0;NOVA MERCEDES;3;13052501
35;9502;5;2;ESTRADA;;PEDRA BRANCA;;-2.299.603;-4.709.858.333.333.330;619.0;PEDRA BRANCA;3;13052501
35;9502;5;2;ESTRADA;;PEDRA BRANCA;;-22.996.478.305.555.500;-47.098.126.666.666.600;608.0;NOVA MERCEDES;3;13052501
35;9502;5;2;ESTRADA;;PEDRA BRANCA;;-2.299.687.666.666.660;-47.097.881.666.666.600;614.0;NOVA MERCEDES;3;13052501
35;9502;5;2;ESTRADA;;SANTANA;;-22.990.915;-4.708.797.833.333.330;625.0;CAMPINAS;3;13052523
35;9502;5;2;ESTRADA;;SANTANA;24.0;-2.299.086.163.888.880;-47.092.063.305.555.500;627.0;PEDRA BRANCA;3;13052523
35;9502;5;2;ESTRADA;;SANTANA;;-22.990.844.972.222.200;-4.709.322.163.888.880;641.0;PEDRA BRANCA;3;13052523
35;9502;5;2;ESTRADA;;SANTANA;;-2.299.376.163.888.880;-4.709.389;634.0;PEDRA BRANCA;3;13052523
35;9502;5;2;ESTRADA;;SANTANA;;-2.299.416.666.666.660;-4.709.498.833.333.330;638.0;PEDRA BRANCA;3;13052523
35;9502;5;2;ESTRADA;;SANTANA;;-22.994.131.666.666.600;-47.095.108.305.555.500;651.0;PEDRA BRANCA;3;13052523
35;9502;5;2;ESTRADA;;SANTANA;;-22.993.851.666.666.600;-4.709.496.333.333.330;641.0;PEDRA BRANCA;3;13052523
35;9502;5;2;ESTRADA;;SANTANA;24.0;-22.990.888.305.555.500;-47.092.115;632.0;PEDRA BRANCA;3;13052523
35;9502;5;2;ESTRADA;;SANTANA;24.0;-22.990.794.972.222.200;-47.091.863.333.333.300;630.0;PEDRA BRANCA;3;13052523
35;9502;5;2;CAMINHO;;SEM DENOMINACAO;62.0;-2.298.502.997.222.220;-4.708.936.333.333.330;597.0;PEDRA BRANCA;3;13052731
35;9502;5;2;CAMINHO;;SEM DENOMINACAO;62.0;-22.984.783.305.555.500;-4.708.943.166.666.660;596.0;PEDRA BRANCA;3;13052731
35;9502;5;2;CAMINHO;;SEM DENOMINACAO;;-22.985.491.666.666.600;-4.708.923.163.888.880;600.0;PEDRA BRANCA;3;13052731
35;9502;5;2;CAMINHO;;SEM DENOMINACAO;;-2.298.629;-47.088.679.972.222.200;594.0;PEDRA BRANCA;3;13052731
35;9502;5;2;RODOVIA;;LIX DA CUNHA;15.0;-22.987.863.333.333.300;-47.088.408.333.333.300;594.0;PEDRA BRANCA;3;13053400
35;9502;15;2;ESTRADA;;DO FELICIANO;;-2.284.251.833.333.330;-4.687.809.997.222.220;896.0;JOAQUIM EGIDIO;3;13010000
35;9502;15;2;ESTRADA;;DO FELICIANO;10.0;-2.284.327.997.222.220;-46.886.808.333.333.300;860.0;JOAQUIM EGIDIO;3;13010000
35;9502;15;2;ESTRADA;;DO FELICIANO;2.0;-2.283.270.663.888.880;-46.871.563.333.333.300;784.0;JOAQUIM EGIDIO;3;13010000
35;9502;15;2;ESTRADA;;DO FELICIANO;2.0;-22.829.803.305.555.500;-4.686.497.330.555.550;715.0;JOAQUIM EGIDIO;3;13010000
35;9502;15;2;ESTRADA;PROFESSORA;LIDIA ABDALA;8.0;-2.284.989.333.333.330;-4.688.552;860.0;JOAQUIM EGIDIO;3;13106970
35;9502;15;2;RUA;PROFESSORA;LIDIA DE ABDALLA;8.0;-22.848.841.666.666.600;-4.689.070.997.222.220;864.0;JOAQUIM EGIDIO;3;13108046
35;9502;15;2;RUA;PROFESSORA;LIDIA DE ABDALLA;10.0;-22.844.028.305.555.500;-4.688.801.163.888.880;838.0;JOAQUIM EGIDIO;3;13010000
35;9502;15;2;RUA;PROFESSORA;LIDIA DE ABDALLA;;-22.839.263.305.555.500;-4.688.952.663.888.880;823.0;JOAQUIM EGIDIO;3;13010000
35;9502;15;2;RUA;PROFESSORA;LIDIA DE ABDALLA;10.0;-22.847.563.333.333.300;-4.688.648;859.0;JOAQUIM EGIDIO;3;13010000
35;9502;15;2;RUA;PROFESSORA;LIDIA DE ABDALLA;10.0;-22.841.798.333.333.300;-46.888.715;857.0;JOAQUIM EGIDIO;3;13108046
35;9502;15;2;ESTRADA;SANTA;MARIA;;-22.822.765;-4.688.618.830.555.550;691.0;JOAQUIM EGIDIO;3;13010000
35;9502;15;2;ESTRADA;SANTA;MARIA;;-22.824.923.333.333.300;-4.688.393.166.666.660;726.0;JOAQUIM EGIDIO;3;13010000
35;9502;15;2;ESTRADA;SANTA;MARIA;;-22.855.943.305.555.500;-46.876.583.333.333.300;936.0;JOAQUIM EGIDIO;3;13010000
35;9502;25;2;ESTRADA;;MUNICIPAL LACERDA CAM 367;4.0;-22.856.178.333.333.300;-4.693.160.497.222.220;701.0;SOUSAS;3;13106000
35;9502;25;2;AVENIDA;CORONEL;ALFREDO AUGUSTO DO NASCIMENTO;2000.0;-22.877.125;-4.695.478.997.222.220;648.0;JARDIM BELMONTE;3;13106000
