COD_UF;COD_MUNICIPIO;COD_DISTRITO;SITUACAO;NOM_TIPO_SEGLOGR;NOM_TITULO_SEGLOGR;NOM_SEGLOGR;NUM_ENDERECO;DSC_LOCALIDADE;CEP
35;9502;15;2;RODOVIA;;JOSE BONLFACIO COUTINHO NOGUEI;;JOAQUIM EGIDIO;13106001
35;9502;15;2;ESTRADA;;USINA SALTO GRANDE;;JOAQUIM EGIDIO;13010010
35;9502;5;2;ESTRADA;;MUNICIPAL DOS AVEIROS;;CHACARA AVEIROS;13101499
35;9502;5;2;ESTRADA;;MUNICIPAL DOS AVEIROS;;AVEIRO;13101499
35;9502;5;2;TRAVESSA;;DA ESTRADA MUNICIPAL DOS AVEI;;MATO DENTRO;13101499
35;9502;5;2;RUA;;PENEDOS;;JARDIM DAS ANDORINHAS;13101462
35;9502;5;2;RUA;;PENEDOS;;JARDIM ANDORINHAS;13101462
35;9502;5;2;RUA;;LITORAL;62.0;JARDIM DAS ANDORINHAS;13101432
35;9502;5;2;RUA;;LITORAL;119.0;JARDIM DAS ANDORINHAS;13101432
35;9502;5;2;ESTRADA;;ANTONIO INACIO PUPO;;CARLOS GOMES;13099102
35;9502;10;2;ESTRADA;;DA RHODIA;15.0;VILA HOLLANDIA;13085000
35;9502;5;2;ESTRADA;;MUNICIPAL DOS AVEIROS;;MATO DENTRO;13101499
35;9502;5;2;ESTRADA;;MUNICIPAL DOS AVEIROS;;JARDIM ANDORINHAS;13101499
35;9502;5;2;ESTRADA;;MUNICIPAL DOS AVEIROS;;CONDOMINIO AVEIROS;13101499
35;9502;5;2;LINHA;;DIVISA MUNICIPIO;;CAPUAVA;13274465
35;9502;5;2;RUA;;OSVALDO ANTONIO BUZONI;2450.0;CHACARA SAMAMBAIA;13274465
35;9502;5;2;RUA;PROFESSORA;ODEIA;;GRAMADO;13010000
35;9502;5;2;RUA;;JOSE CARMINO GIARDELLI;;FONTE MECIA;13010000
35;9502;10;2;ESTRADA;;DA RHODIA;;AREA RURAL DE BARAO GERALDO;13085905
35;9502;10;2;RUA;PADRE;ANTONIO VIEIRA;;GUARA;13010000
35;9502;5;2;AVENIDA;;PEDRO DEGRESSI JR;;FRIBURGO;13010000
35;9502;5;1;RUA;;AGUAPE;523.0;PARQUE UNIVERSITARIO DO VIRACOPOS;13056471
35;9502;5;1;RUA;;AMABILIO BETIM;;JARDIM ESTORIL;13046260
35;9502;5;1;RUA;;AMABILIO BETIM;;JARDIM ESTORIL;13046260
35;9502;5;1;RUA;;AMABILIO BETIM;;ESTORIL;13046260
35;9502;5;1;RUA;;AMABILIO BETIM;;ESTORIL;13046260
35;9502;5;1;RUA;NOSSA SENHORA;DAS DORES;1111.0;VILA PADRE ANCHIETA;13010000
35;9502;5;1;RUA;;MANOEL TOMAS;446.0;VILA LUNARDI;13010000
35;9502;5;1;RUA;DOUTOR;JOSE FERREIRA DE CAMARGO;1221.0;JARDIM PLANALTO;13092005
35;9502;5;1;RUA;;ALDO GRIGOL;705.0;GUARA;13085400
35;9502;5;1;RUA;PADRE;JOAO BOSCO PENIDO BURNIER;;ITAJAI 4;13058063
35;9502;5;1;RUA;;CELSO LOPES;500.0;ITAJAI 4;13040735
35;9502;5;1;RUA;;CELSO LOPES;;ITAJAI 4;13010000
35;9502;5;1;RUA;;LINCOL CLAUDINO GOMES JUNIOR;333.0;PARQUE FIGUEIRA;13040230
35;9502;5;2;ESTRADA;;DA SERVIDAO;;BAIRRO DO CAMPO GRANDE;13069131
35;9502;5;2;ESTRADA;;ESTRADA DO CAMPO GRAND;;BAIRRO DO CAMPO GRANDE;13058009
35;9502;5;2;ALAMEDA;;PARAISO;;BAIRRO DO CAMPO GRANDE;13058009
35;9502;5;2;ESTRADA;;JHON BOYD DUNLOP;;BAIRRO DO CAMPO GRANDE;13069131
35;9502;5;2;ESTRADA;;WERNER HABIG;550.0;CHACARAS LUZITANA;13010020
35;9502;5;2;ESTRADA;;WERNER HABIG;;BAIRRO DO CAMPO GRANDE;13010020
35;9502;5;2;ESTRADA;;JOHN BOYD DUNLOP;10.0;BAIRRO DO CAMPO GRANDE;13069131
35;9502;5;2;ESTRADA;;JOHN BOYD DUNLOP;10.0;BAIRRO DO CAMPO GRANDE;13069131
35;9502;5;2;ESTRADA;;JOHN BOYD DUNLOP;;BAIRRO DO CAMPO GRANDE;13069131
35;9502;5;2;ESTRADA;;JOHN BOYD DUNLOP;;BAIRRO DO CAMPO GRANDE;13058009
35;9502;5;2;ESTRADA;;DO CAMPO GRANDE;;BAIRRO DO CAMPO GRANDE;13058009
35;9502;5;2;ESTRADA;;DO CAMPO GRANDE;;BAIRRO DO CAMPO GRANDE;13058009
35;9502;5;2;ESTRADA;;DO CAMPO GRANDE;;BAIRRO DO CAMPO GRANDE;13058009
35;9502;5;2;ESTRADA;;DA SERVIDAO JANUARIO GUILHERME;799.0;BAIRRO TERRA PRETA;13190000
35;9502;5;2;ESTRADA;;CAMPINAS MONTE MOR;;CAMPO GRANDE;13067112
35;9502;5;2;ESTRADA;;CAMPINAS MONTE MOR;;CAMPO GRANDE;13067112
35;9502;5;2;RUA;;AUREA GONCALVES DAMASCENO;;CAMPO GRANDE;13010009
35;9502;5;2;SERVIDAO;;SEM DENOMINACAO;;CAMPO GRANDE;13058009
35;9502;5;2;SERVIDAO;;SEM DENOMINACAO;;CAMPO GRANDE;13058009
35;9502;5;2;RUA;;APOLONIO MOURA DE BRITO;;SAO JORGE;13064802
35;9502;10;2;AVENIDA;DOUTOR;EDUARDO PEREIRA DE ALMEIDA;1501.0;BOSQUE DE BARAO GERALDO;13082751
35;9502;10;2;AVENIDA;DOUTOR;EDUARDO PEREIRA DE ALMEIDA;100.0;PARQUE CEASA;13082751
35;9502;10;2;RUA;;ALMIDES CORREA DA SILVA;289.0;TERRA NOVA;13082693
35;9502;10;2;RUA;;ALMIDES CORREA DA SILVA;289.0;RESIDENCIAL TERRA NOVA;13082693
35;9502;10;2;RUA;;JOAO BAPTISTA DALMEDICO;25.0;PARQUE CEASA;13082660
35;9502;10;2;RUA;;MANACA DA SERRA;13.0;SOLAR CAMPINAS;13085691
35;9502;10;2;RUA;;LIRIO DO AMAZONAS;92.0;SOLAR CAMPINAS;13084030
35;9502;5;2;RUA;;SERVIDAO G;141.0;CHACARA RECREIO SANTA FE;13064874
35;9502;5;2;RUA;;SERVIDAO G;62.0;CHACARA RECREIO SANTA FE;13064874
35;9502;5;2;PROLONGAMENTO;;AVENIDA JOHN BOYD DUNLOP;;CAMPO GRANDE;13058009
35;9502;5;2;RUA;;D;200.0;BAIRRO DO CAMPO GRANDE;13010001
35;9502;5;2;ESTRADA;;DO SALTINHO;87.0;PARQUE JAMBEIRO;13010002
35;9502;5;2;LOTEAMENTO;;SALTINHO;;SALTINHO;13051502
35;9502;5;2;LOTEAMENTO;;SALTINHO;;SALTINHO;13051502
35;9502;5;2;LOTEAMENTO;;SALTINHO;2.0;SALTINHO;13051502
35;9502;5;2;LOTEAMENTO;;SALTINHO;;SALTINHO;13051502
35;9502;5;2;LOTEAMENTO;;SALTINHO;;SALTINHO;13051502
35;9502;5;2;RODOVIA;;ANHANGUERA;88.0;PARQUE JAMBEIRO;13010002
35;9502;5;2;RUA;;UM;;SALTINHO;13051502
35;9502;5;2;RUA;;PAULO AFONSO DE LIMA;2025.0;SALTINHO;13051502
35;9502;5;2;RUA;;PAULO AFONSO DE LIMA;;PARQUE CENTENARIO;13051502
35;9502;5;2;RODOVIA;;LUIZ QUEIROZ GUIMARAES;1.0;MACUCO;13051502
35;9502;5;2;RUA;;ANTONIO AFONSO DE LIMA;103.0;SALTINHO;13010010
35;9502;5;2;CAMINHO;;DA SERVIDAO I;;ESTRADA DO DESCAMPADO;13010000
35;9502;5;2;CAMINHO;;SERVIDAO;1.0;ESTRADA DO DESCAMPADO;13010001
35;9502;5;2;CAMINHO;;SERVIDAO;2.0;ESTRADA DO DESCAMPADO;13010002
35;9502;5;2;CAMINHO;;SERVIDAO;;ESTRADA DO DESCAMPADO;13010002
35;9502;5;2;ESTRADA;;DEZIDERIO BERNARDINETTI;;REFORMA AGRARIA;13010002
35;9502;5;2;ESTRADA;;DEZIDERIO BERNARDINETTI;;REFORMA AGRARIA;13010001
35;9502;5;2;ESTRADA;;DO DESCAMPADO;;DESCAMPADO;13010002
35;9502;5;2;ESTRADA;;DO DESCAMPADO;;DESCAMPADO;13010000
35;9502;5;2;ESTRADA;;DO DESCAMPADO;;ESTRADA DO DESCANPADO;13010002
35;9502;5;2;ESTRADA;;DO DESCAMPADO;;DESCAMPADO;13010002
35;9502;5;2;ESTRADA;;DO DESCAMPADO;;DESCAMPADO;13010001
35;9502;5;2;ESTRADA;;DO DESCAMPADO;;ESTRADA DO DESCANPADO;13010002
35;9502;5;2;ESTRADA;;DO DESCAMPADO;;ESTRADA DO DESCANPADO;13010002
35;9502;5;2;ESTRADA;;DO DESCAMPADO;;DESCAMPADO;13010001
35;9502;5;2;ESTRADA;;DO DESCAMPADO;;DESCAMPADO;13010002
35;9502;5;2;ESTRADA;;DO DESCAMPADO;;DESCAMPADO;13010002
35;9502;5;2;ESTRADA;;DO DESCAMPADO;;DESCAMPADO;13010001
35;9502;5;2;ESTRADA;;DO DESCAMPADO;;DESCAMPADO;13010009
35;9502;5;2;ESTRADA;;SANTOS DUMONT ATE REFORMA AGRARIA;;ESTRADA DO DESCAMPADO;13010001
35;9502;5;2;ESTRADA;;SANTOS DUMONT ATE REFORMA AGRARIA;;ESTRADA DO DESCAMPADO;13010002
35;9502;5;2;ESTRADA;;SANTOS DUMONT ATE REFORMA AGRARIA;;ESTRADA DO DESCAMPADO;13010002
35;9502;5;2;ESTRADA;;SANTOS DUMONT ATE REFORMA AGRARIA;;ESTRADA DO DESCAMPADO;13010002
35;9502;5;2;ESTRADA;;SANTOS DUMONT ATE REFORMA AGRARIA;;ESTRADA DO DESCAMPADO;13010002
35;9502;5;2;ESTRADA;;SANTOS DUMONT ATE REFORMA AGRARIA;;ESTRADA DO DESCAMPADO;13010200
35;9502;5;2;ESTRADA;;SANTOS DUMONT ATE REFORMA AGRARIA;;ESTRADA DO DESCAMPADO;13010002
35;9502;5;2;ESTRADA;;DO MACUCO;;BAIRRO DESCAMPADO;13010003
35;9502;5;2;ESTRADA;;DO MACUCO;;DESCAMPADO;13010009
35;9502;5;2;ESTRADA;;VELHA IDAIATUBA;;DESCAMPADO;13010009
35;9502;5;2;RUA;;JOSE ARNOLDO AMBIEL;;JARDIM SAO DOMINGOS;13010009
35;9502;5;2;RUA;DOUTOR;ADHEMAR BARROS KM 123 PONTE AL;;COLONIA TOZAN;13012100
35;9502;5;2;RUA;DOUTOR;ADHEMAR BARROS KM 123 PONTE AL;123.0;COLONIA TOZAN;13012100
35;9502;5;2;RUA;DOUTOR;PROF EMILIO COELHO;;COLONIA TOZAN;13100900
35;9502;5;2;RUA;DOUTOR;PROF EMILIO COELHO;;COLONIA TOZAN;13085702
35;9502;5;2;ESTRADA;;DA SERVIDAO;;BAIRRO HELVETIA;13052970
35;9502;5;2;ESTRADA;;MUNICIPAL CAMPINAS A INDAIATUB;;VISTA ALEGRE;13337315
35;9502;5;2;RUA;;DOS PINHEIROS;54.0;RECREIO CAMPESTRE DE VIRACOPOS 6;13055609
35;9502;5;2;RUA;;LAVIERI PEREIRA DA SILVA;;JARDIM SANTA MARIA 1;13055609
35;9502;5;2;RUA;;LAVIERI PEREIRA DA SILVA;;JARDIM SANTA MARIA;13055609
35;9502;5;2;RUA;;LAVIERI PEREIRA DA SILVA;32.0;JARDIM SANTA MARIA 1;13055609
35;9502;5;2;RUA;;LAVIERI PEREIRA DA SILVA;186.0;JARDIM SANTA MARIA 1;13055609
35;9502;5;2;RUA;;LAVIERI PEREIRA DA SILVA;;JARDIM SANTA MARIA;13055609
35;9502;5;2;RUA;;LAVIERI PEREIRA DA SILVA;;PARQUE DE VIRACOPOS;13010003
35;9502;5;2;RUA;;LAVIERI PEREIRA DA SILVA;186.0;JARDIM SANTA MARIA 1;13055609
35;9502;5;2;RUA;;LAVIERI PEREIRA DA SILVA;1305.0;JARDIM SANTA MARIA 2;13055609
35;9502;5;2;RODOVIA;;SANTOS DUMONT;;BAIRRO HALVETTI;13052970
35;9502;5;2;RODOVIA;;SANTOS DUMONT;;BAIRRO HELVETIA;13052970
35;9502;5;2;RODOVIA;;SANTOS DUMONT;63.0;JARDIM SANTA MARIA;13052970
35;9502;5;2;RUA;;A;250.0;BAIRRO HELVETIA;13052970
35;9502;5;2;RUA;;CAMINHO DA SERVIDAO;79.0;RECREIO CAMPESTRE DE VIRACOPOS 6;13055609
35;9502;5;2;ALAMEDA;;ANTONIO AMBIEL;6224.0;BAIRRO HELVETIA;13337315
35;9502;5;2;ALAMEDA;;ANTONIO AMBIEL;6224.0;BAIRRO HELVETIA;13337315
35;9502;5;2;CAMINHO;;SEM DENOMINACAO;;JARDIM SANTA MARIA 1;13055609
35;9502;5;2;FAZENDA;;LAGOA FORMOSA;;CARLOS GOMES;13010000
35;9502;5;2;FAZENDA;;LAGOA FORMOSA;;CARLOS GOMES;13010000
35;9502;5;2;RUA;;AUGUSTO FERREIRA LARA;65.0;GARGANTILHA;13010000
35;9502;5;2;RUA;;REPUBLICA DA ARMENIA;2474.0;GARGANTILHA;13098000
35;9502;5;2;ESTRADA;;DO SERVIDAO;;CARLOS GOMES;13099103
35;9502;5;2;ESTRADA;;DO SERVIDAO;;CARLOS GOMES;13099103
35;9502;5;2;ESTRADA;;SEM DENOMINACAO;;GARGANTILHA;13099103
35;9502;5;2;ESTRADA;;TANQUINHO;;CARLOS GOMES;13099103
35;9502;5;2;RUA;;ANTONIO IGNACIO PUPO;1500.0;JARDIM MONTE BELO;13099103
35;9502;5;2;RODOVIA;DOUTOR;ADHEMAR DE BARROS;118.0;ANHUMAS;13092620
35;9502;10;2;RODOVIA;;ZEFERINO VAZ;114.0;MATA SANTA GENBRA;13010000
35;9502;10;2;RODOVIA;DOM;PEDRO 1;138.0;JARDIM SANTA GENEBRA;13080010
35;9502;10;2;AVENIDA;;GUILHERME CAMPOS;;JARDIM SANTA GENEBRA;13086090
35;9502;5;2;ESTRADA;;DO FOGUETEIRO;;JARDIM CALIFORNIA;13052970
35;9502;5;2;RUA;;JOAO BERTAZZOLI FILHO;32.0;JARDIM NOVO ITAGUACU;13055512
35;9502;5;2;RUA;;RUBENS CONTADOR;;JARDIM NOVO ITAGUACU;13055508
35;9502;15;2;ESTRADA;;CAM 123;;JOQUIM EGIDIO;13010003
35;9502;15;2;ESTRADA;;DA USINA SALTO GRANDE;;JOAQUIM EGIDIO;13010002
35;9502;15;2;ESTRADA;;DA USINA SALTO GRANDE;;JOAQUIM EGIDIO;13010002
35;9502;15;2;RODOVIA;;JOSE BONLFACIO COUTINHO NOGUEI;;S0USAS;13108273
35;9502;15;2;RUA;;GOMES BALSAS;999.0;JOAQUIM EGIDIO;13108049
35;9502;15;2;RUA;;GOMES BALSAS;999.0;JOAQUIM EGIDIO;13108049
35;9502;15;2;RUA;DONA;ISABEL FRAGOSO FERRAO;700.0;JOAQUIM EGIDIO;13108049
35;9502;15;2;RODOVIA;DOM;PEDRO I KM 118;;BAIRRO DOS LOPES;13010903
35;9502;25;2;RUA;;LUIZ CORAZOLLA;;JARDIM CONCEICAO;13010000
35;9502;25;2;ESTRADA;;SOUSAS PEDREIRA;;SOUSAS;13010000
35;9502;25;2;ESTRADA;;SOUSAS PEDREIRA;;CAMPINAS RURAL;13010000
35;9502;25;2;ESTRADA;DOUTOR;LACERDA;;SOUSAS;13010000
35;9502;25;2;ESTRADA;DOUTOR;LACERDA;;SOUSAS;13010071
35;9502;5;2;AVENIDA;;LIX DA CUNHA;;CIDADE DOS MENINOS;13010002
35;9502;5;2;RUA;;MARIA MERCEDES ETTER VON ZUBEN;;TAPERA;13010000
35;9502;5;2;RUA;;MARIA MERCEDES ETTER VON ZUBEN;;ITAPERA;13040735
35;9502;5;2;RUA;;MARIA MERCEDES ETTER VON ZUBEN;;ITAPERA;13040735
35;9502;5;2;RUA;;MARIA MERCEDES ETTER VON ZUBEN;5.0;ANTONIO VON ZUBEN;13044503
35;9502;5;2;RUA;;MARIA MERCEDES ETTER VON ZUBEN;;ANTONIO VON ZUBEN;13044503
35;9502;5;2;RUA;;MARIA MERCEDES ETTER VON ZUBEN;;CAMPINAS RURAL;13010000
35;9502;5;2;RUA;;MARIA MERCEDES ETTER VON ZUBEN;;CAMPINAS RURAL;13010000
35;9502;5;2;RUA;;MARIA MERCEDES ETTER VON ZUBEN;;CAMPINAS RURAL;13010000
35;9502;5;2;RUA;;MARIA MERCEDES ETTER VON ZUBEN;;CAMPINAS RURAL;13010000
35;9502;5;2;ESTRADA;;ESTRADA MUNICIPAL DO CAMPO GRA;27.0;BAIRRO DO CAMPO GRANDE;13058009
35;9502;5;2;PROLONGAMENTO;;DA RUA OITO DA CRUZEIRO;;JARDIM SANTA ROSA;13058009
35;9502;5;2;ESTRADA;;DO CAMPO GRANDE;2000.0;CAMPO GRANDE;13010010
35;9502;5;2;ESTRADA;;SERVIDAO G;53.0;NUCLEO SANTA ISABEL;13185000
35;9502;5;2;ESTRADA;;SERVIDAO G;;NUCLEO SANTA ISABEL;13185000
35;9502;5;2;ESTRADA;;ANHUMAS;;BAIRRO ANHUMAS;13010001
35;9502;5;2;ESTRADA;;PARA FAZENDA SAO VICENTE;;PESQUEIRO SAO FRANCISCO;13105000
35;9502;5;2;ESTRADA;;SAO VICENTE;;PARQUE ANHUMAS;13098319
35;9502;5;2;ESTRADA;;SAO VICENTE;;PARQUE ANHUMAS;13098319
35;9502;5;2;ESTRADA;;SAO VICENTE;;PARQUE ANHUMAS;13098319
35;9502;5;2;RODOVIA;;SP340;;RECANTO DOS DOURADOS;13098319
35;9502;5;2;RODOVIA;;SP340;116.0;RECANTO DOS DOURADOS;13010000
35;9502;5;2;RODOVIA;;SP340;116.0;RECANTO DOS DOURADOS;13098319
35;9502;5;2;RODOVIA;;SP340;116.0;RECANTO DOS DOURADOS;13098319
35;9502;5;2;RODOVIA;;SP340;116.0;RECANTO DOS DOURADOS;13098319
35;9502;5;2;RODOVIA;;SP340;116.0;RECANTO DOS DOURADOS;13098319
35;9502;5;2;RODOVIA;;SP340;116.0;RECANTO DOS DOURADOS;13098319
35;9502;5;2;RODOVIA;;SP340;116.0;RECANTO DOS DOURADOS;13010000
35;9502;5;2;RODOVIA;;SP340;116.0;BAIRRO ANHUMAS;13098031
35;9502;5;2;RODOVIA;;SP340;116.0;RECANTO DOS DOURADOS;13098319
35;9502;5;2;RODOVIA;;SP340;116.0;RECANTO DOS DOURADOS;13098319
35;9502;5;2;RODOVIA;;SP340;116.0;RECANTO DOS DOURADOS;13098319
35;9502;5;2;RODOVIA;;SP340;116.0;RECANTO DOS DOURADOS;13010001
35;9502;5;2;RODOVIA;;SP340;116.0;RECANTO DOS DOURADOS;13098319
35;9502;5;2;RODOVIA;;SP340;116.0;RECANTO DOS DOURADOS;13098319
35;9502;5;2;RODOVIA;;SP340;116.0;RECANTO DOS DOURADOS;13010002
35;9502;5;2;RODOVIA;;SP340;121.0;RECANTO DOS DOURADOS;13010000
35;9502;5;2;RODOVIA;;SP340;;BAIRRO ANHUMAS;13010000
35;9502;5;2;RUA;;GLEBAS DE SAO PEDRO;;GLEBAS DE SAO PEDRO;13010000
35;9502;5;2;ESTRADA;;ADELINO CERQUEIRA SERGANTINI;;BAIRRO ANHUMAS;13010030
35;9502;5;2;RODOVIA;;DOM PEDRO;;BAIRRO ANHUMAS;13010000
35;9502;5;2;RUA;DOUTOR;BERNADOR;501.0;PQ DOS ALECRINS;13098537
35;9502;5;2;AVENIDA;;ANHANGUERA;;PROXIMO AO SWISS PARK OFFICE;13049900
35;9502;15;1;RODOVIA;;JOSE BONIFACIO COUTINHO NOGUEI;4.0;JOAQUIM EGIDIO;13106001
35;9502;5;2;RUA;;LAZARO FERREIRA BARBOSA;814.0;CAMPO BELO;13053136
35;9502;5;2;ESTRADA;;VELHA DE INDAIATUBA;35.0;JARDIM IRACI;13052495
35;9502;5;2;RODOVIA;;LIX DA CUNHA;73.0;SITIO SANTA MATILDE;13051585
35;9502;5;2;RODOVIA;;LIX DA CUNHA;73.0;SETE QUEDAS;13040735
35;9502;5;2;RUA;;DOIS;3.0;CARLOS GOMES;13099106
35;9502;5;2;RUA;;MATILDE PETIN;19.0;MONTE BELO 1;13010000
35;9502;5;2;RUA;;ANTONIO EGIDIO PUPO;;MONTE BELO 1;13098899
35;9502;5;2;ENTRADA;;LUIS DE QUEIROZ GUIMARAES;;CAMPINAS;13010301
35;9502;5;2;ESTRADA;DOUTOR;JOSE BONIFACIO C NOGUEIR;;REFORMA AGRARIA;13010000
35;9502;5;2;ESTRADA;DOUTOR;JOSE BONIFACIO C NOGUEIR;;CAMPINAS;13024070
35;9502;5;2;ESTRADA;DOUTOR;JOSE BONIFACIO C NOGUEIR;;REFORMA AGRARIA;13279481
35;9502;5;2;ESTRADA;DOUTOR;JOSE BONIFACIO C NOGUEIR;;CAMPINAS;13013175
35;9502;5;2;ESTRADA;DOUTOR;JOSE BONIFACIO C NOGUEIR;;CAMPINAS;13015907
35;9502;5;2;ESTRADA;DOUTOR;JOSE BONIFACIO C NOGUEIR;;CAMPINAS;13023075
35;9502;5;2;ESTRADA;DOUTOR;JOSE BONIFACIO C NOGUEIR;;CAMPINAS;13023040
35;9502;5;2;ESTRADA;DOUTOR;JOSE BONIFACIO C NOGUEIR;;CAMPINAS;13015150
35;9502;5;2;ESTRADA;DOUTOR;JOSE BONIFACIO C NOGUEIR;;CAMPINAS;13012906
35;9502;5;2;ESTRADA;DOUTOR;JOSE BONIFACIO C NOGUEIR;;REFORMA AGRARIA;13010010
35;9502;5;2;ESTRADA;DOUTOR;JOSE BONIFACIO C NOGUEIR;;REFORMA AGRARIA;13010010
35;9502;5;2;ESTRADA;DOUTOR;JOSE BONIFACIO C NOGUEIR;;REFORMA AGRARIA;13010010
35;9502;5;2;ESTRADA;DOUTOR;JOSE BONIFACIO C NOGUEIR;;REFORMA AGRARIA;13010009
35;9502;5;2;ESTRADA;DOUTOR;JOSE BONIFACIO C NOGUEIR;;REFORMA AGRARIA;13010009
35;9502;5;2;ESTRADA;DOUTOR;JOSE BONIFACIO C NOGUEIR;;REFORMA AGRARIA;13010009
35;9502;5;2;ESTRADA;DOUTOR;JOSE BONIFACIO C NOGUEIR;;REFORMA AGRARIA;13010010
35;9502;5;2;ESTRADA;DOUTOR;JOSE BONIFACIO C NOGUEIR;;REFORMA AGRARIA;13010009
35;9502;5;2;ESTRADA;DOUTOR;JOSE BONIFACIO C NOGUEIR;7.0;REFORMA AGRARIA;13279481
35;9502;5;2;ESTRADA;DOUTOR;JOSE BONIFACIO C NOGUEIR;69.0;REFORMA AGRARIA;13279481
35;9502;5;2;RUA;PADRE;MODESTO NUNES;3.0;REFORMA AGRARIA;13279481
35;9502;5;2;RUA;PADRE;MODESTO NUNES;;REFORMA AGRARIA;13279481
35;9502;5;2;TRAVESSA;DOUTOR;JOSE B C NOGUEIRA;;REFORMA AGRARIA;13012909
35;9502;5;2;ESTRADA;;LUIS DE QUEIROZ GUIMARAES;;REFORMA AGRARIA;13279481
35;9502;5;2;ESTRADA;;LUIS DE QUEIROZ GUIMARAES;7.0;REFORMA AGRARIA;13279481
35;9502;5;2;ESTRADA;;LUIS DE QUEIROZ GUIMARAES;69.0;REFORMA AGRARIA;13279481
35;9502;5;2;ESTRADA;;LUIS DE QUEIROZ GUIMARAES;;MACUCO;13279481
35;9502;5;2;ESTRADA;;LUIS DE QUEIROZ GUIMARAES;71.0;MACUCO;13279481
35;9502;5;2;ESTRADA;;LUIS DE QUEIROZ GUIMARAES;;REFORMA AGRARIA;13279481
35;9502;5;2;ESTRADA;;LUIS DE QUEIROZ GUIMARAES;;MACUCO;13279481
35;9502;5;2;ESTRADA;DOUTOR;JOSE BONIFACIO COUTINHO NOGUEIRA;64.0;REFORMA AGRARIA;13279481
35;9502;5;2;ESTRADA;DOUTOR;JOSE BONIFACIO COUTINHO NOGUEIRA;;REFORMA AGRARIA;13279481
35;9502;5;2;ESTRADA;DOUTOR;JOSE BONIFACIO COUTINHO NOGUEIRA;;REFORMA AGRARIA;13279481
35;9502;5;2;ESTRADA;DOUTOR;JOSE BONIFACIO COUTINHO NOGUEIRA;;REFORMA AGRARIA;13279481
35;9502;5;2;ESTRADA;DOUTOR;JOSE BONIFACIO COUTINHO NOGUEIRA;27.0;REFORMA AGRARIA;13279481
35;9502;5;2;ESTRADA;DOUTOR;JOSE BONIFACIO COUTINHO NOGUEIRA;29.0;REFORMA AGRARIA;13279481
35;9502;5;2;ESTRADA;DOUTOR;JOSE BONIFACIO COUTINHO NOGUEIRA;29.0;REFORMA AGRARIA;13279481
35;9502;5;2;ESTRADA;DOUTOR;JOSE BONIFACIO COUTINHO NOGUEIRA;;REFORMA AGRARIA;13279481
35;9502;5;2;ESTRADA;DOUTOR;JOSE BONIFACIO COUTINHO NOGUEIRA;;REFORMA AGRARIA;13279481
35;9502;5;2;ESTRADA;DOUTOR;JOSE BONIFACIO COUTINHO NOGUEIRA;;REFORMA AGRARIA;13279481
35;9502;5;2;SEM;;SEM LOGRADOURO;;CHACARA DO GIDO;13010000
35;9502;5;2;RUA;;ZE FERNANDES DE LIMA;;PARQUE BRASILIA;13010000
35;9502;5;2;RUA;;SUMI SASAKI;;VILA LAFAIETE ALVARO;13091339
35;9502;5;2;AVENIDA;;MAKENZIE;;VILA BRANDINA;13010000
35;9502;5;2;RODOVIA;DOUTOR;ADHEMAR DE BARROS;118.0;PAUDALHO;13010000
35;9502;5;2;PROLONGAMENTO;;DA AVENIDA JONH BOYD DUNLOP;;CAMPO GRANDE;13058326
35;9502;5;2;ESTRADA;;JOHN BOYD DUNLOP;;CAMPO GRANDE;13058326
35;9502;5;2;RUA;;DEZESSETE;;GARGANTILHA;13098815
35;9502;5;2;ESTRADA;;DE FURNAS;;BAIRRO SAO DOMINGOS;13010000
35;9502;5;2;ESTRADA;;DE FURNAS;;CARLOS GOMES;13010000
35;9502;5;2;ESTRADA;;SERVIDAO;;CARLOS GOMES;13099102
35;9502;5;2;ESTRADA;;SERVIDAO;;CARLOS GOMES;13099102
35;9502;5;2;ESTRADA;;SERVIDAO;;CARLOS GOMES;13099110
35;9502;5;2;RUA;;WALTER FRANCO DE LIMA;;CARLOS GOMES;13099102
35;9502;5;2;RUA;;WALTER FRANCO DE LIMA;;CARLOS GOMES;13099102
35;9502;5;2;RUA;;WALTER FRANCO DE LIMA;;CARLOS GOMES;13099103
35;9502;5;2;RUA;;WALTER FRANCO DE LIMA;;CARLOS GOMES;13099102
35;9502;5;2;RUA;;PEROBA;19.0;CHACARAS MARIANGELA;13010009
35;9502;5;2;RUA;;ANTONIO MAROTA;2.0;VILLAGE;13085725
35;9502;5;2;RUA;;UM;90.0;CHACARA LEANDRO;13010001
35;9502;5;2;RODOVIA;;ADHEMAR PEREIRA DE BARROS;;VILLAGE;13010003
35;9502;5;2;RODOVIA;;ADHEMAR PEREIRA DE BARROS;123.0;VALE DAS GARCAS;13010003
35;9502;5;2;RODOVIA;;ADHEMAR PEREIRA DE BARROS;127.0;VILLAGE;13010010
35;9502;5;2;RODOVIA;;ADHEMAR PEREIRA DE BARROS;17.0;BANANAL;13010003
35;9502;5;2;RODOVIA;;ADHEMAR PEREIRA DE BARROS;;BANANAL;13010003
35;9502;5;2;RODOVIA;;ADHEMAR PEREIRA DE BARROS;;CARLOS GOMES;13010003
35;9502;5;2;RODOVIA;;ADHEMAR PEREIRA DE BARROS;;BANANAL;13010010
35;9502;5;2;RODOVIA;;ADHEMAR PEREIRA DE BARROS;;BANANAL;13010003
35;9502;5;2;ESTRADA;;DO FOGUETEIRO;;FOGUETEIRO;13015927
35;9502;5;2;ESTRADA;;DO FOGUETEIRO;;FOGUETEIRO;13054030
35;9502;5;2;ESTRADA;;DO FOGUETEIRO;;FOGUETEIRO;13036260
35;9502;5;2;ESTRADA;;DO FOGUETEIRO;;RECANTO CAMPESTRE DE VIRACOPOS;13023901
35;9502;5;2;ESTRADA;;DO FOGUETEIRO;;FOGUETEIRO;13015912
35;9502;5;2;ESTRADA;;DO FOGUETEIRO;;FOGUETEIRO;13013173
35;9502;5;2;ESTRADA;;DO FOGUETEIRO;;FOGUETEIRO;13013020
35;9502;5;2;ESTRADA;;DO FOGUETEIRO;;RECANTO CAMPESTRE DE VIRACOPOS;13015315
35;9502;5;2;ESTRADA;;DO FOGUETEIRO;;FRIBURGO;13010215
35;9502;5;2;ESTRADA;;MUNICIPAL CAMPINAS A INDAIDA;;VISTA ALEGRE;13010900
35;9502;5;2;ESTRADA;;VELHA DE INDAIATUBA;;HELDITIA;13041306
35;9502;5;2;RUA;;ISABEL;;PORTAL DA MATA;13030730
35;9502;5;2;ESTRADA;;MAO BRANCA;;CAMPINAS;13010000
35;9502;5;2;ESTRADA;;MAO BRANCA;;SATELITE IRIS 1;13083745
35;9502;5;2;ESTRADA;;MAO BRANCA;;SATELITE IRIS;13083745
35;9502;5;2;ESTRADA;;MAO BRANCA;;RIBEIRAO;13083745
35;9502;5;2;ESTRADA;;MAO BRANCA;;SATELITE IRIS;13083745
35;9502;5;2;AVENIDA;;JOHN BOYD DUNLOP;5600.0;SATELITE IRIS;13059587
35;9502;5;2;RUA;;AUGUSTO ROSSIN;211.0;JARDIM ROSSIN;13059224
35;9502;5;2;RUA;;AUGUSTO ROSSIN;211.0;JARDIM ROSSIN;13059224
35;9502;5;2;AVENIDA;ENGENHEIRO;LUIS ANTONIO LALONI;1101.0;CAMPINAS;13086700
35;9502;5;2;AVENIDA;ENGENHEIRO;LUIS ANTONIO LALONI;;TIJUCO DAS TELHAS;13085850
35;9502;5;2;AVENIDA;ENGENHEIRO;LUIS ANTONIO LALONI;;COLONIA TOZAN;13086700
35;9502;5;2;AVENIDA;ENGENHEIRO;LUIS ANTONIO LALONI;901.0;TIJUCO DAS TELHAS;13086700
35;9502;5;2;AVENIDA;ENGENHEIRO;LUIS ANTONIO LALONI;;MORADA DOS EUCALIPTOS;13086700
35;9502;5;2;AVENIDA;ENGENHEIRO;LUIS ANTONIO LALONI;901.0;TIJUCO DAS TELHAS;13086700
35;9502;5;2;AVENIDA;ENGENHEIRO;LUIS ANTONIO LALONI;1111.0;TIJUCO DAS TELHAS;13086700
35;9502;5;2;AVENIDA;ENGENHEIRO;LUIS ANTONIO LALONI;;TIJUCO DAS TELHAS;13086700
35;9502;5;2;AVENIDA;ENGENHEIRO;LUIS ANTONIO LALONI;1920.0;TIJUCO DAS TELHAS;13086700
35;9502;5;2;AVENIDA;ENGENHEIRO;LUIS ANTONIO LALONI;;COLONIA TOZAN;13086700
35;9502;5;2;AVENIDA;ENGENHEIRO;LUIS ANTONIO LALONI;;TIJUCO DAS TELHAS;13086700
35;9502;5;2;RUA;;ANNA BOGON DRESSLER;;COLONIA TOZAN;13085540
35;9502;5;2;RUA;;ANNA BOGON DRESSLER;;COLONIA TOZAN;13085545
35;9502;5;2;RUA;;BORTOLO MARTINS;;COLONIA TOZAN;13085450
35;9502;5;2;RUA;;BORTOLO MARTINS;100.0;CHACARA MARGARIDA;13010000
35;9502;5;2;RUA;;BORTOLO MARTINS;100.0;TIJUCO DAS TELHAS;13085450
35;9502;5;2;RUA;;GIUSEPPE MAXIMO SCOLFARO;;COLONIA TOZAN;13083100
35;9502;5;2;RUA;;GIUSEPPE MAXIMO SCOLFARO;1057.0;CIDADE UNIVERSITARIA;13083100
35;9502;5;2;RUA;;GIUSEPPE MAXIMO SCOLFARO;;CIDADE UNIVERSITARIA;13083100
35;9502;5;2;RUA;;GIUSEPPE MAXIMO SCOLFARO;;TIJUCO DAS TELHAS;13083100
35;9502;5;2;RUA;;GIUSEPPE MAXIMO SCOLFARO;;CIDADE UNIVERSITARIA;13083100
35;9502;5;2;RUA;;SEM DENOMINACAO;;TIJUCO DAS TELHAS;13085903
35;9502;5;2;ESTRADA;;MUNICIPAL WEIMAR MORANDI;;COLONIA TOZAN;13085450
35;9502;5;2;ESTRADA;;MUNICIPAL WEIMAR MORANDI;102.0;COLONIA TOZAN;13085850
35;9502;5;2;ESTRADA;;MUNICIPAL WEIMAR MORANDI;;COLONIA TOZAN;13010000
35;9502;5;2;ESTRADA;;MUNICIPAL WEIMAR MORANDI;;COLONIA TOZAN;13085850
35;9502;5;2;ESTRADA;;COLONIA TOZAN;6.0;COLONIA TOZAN;13085850
35;9502;5;2;ESTRADA;;COLONIA TOZAN;;COLONIA TOZAN;13085850
35;9502;20;2;ESTRADA;;MUNICIPAL JOANNINE CAUMO;;CAMPINAS RURAL;13010000
35;9502;20;2;ESTRADA;;MUNICIPAL JOANNINE CAUMO;;CAMPINAS RURAL;13010000
35;9502;20;2;ESTRADA;;MUNICIPAL JOANNINE CAUMO;;CAMPINAS RURAL;13010000
35;9502;20;2;ESTRADA;;MUNICIPAL JOANNINE CAUMO;;AMARAIS;13010000
35;9502;20;2;ESTRADA;;MUNICIPAL JOANNINE CAUMO;;AMARAIS;13010000
35;9502;20;2;ESTRADA;;MUNICIPAL JOANNINE CAUMO;;AMARAIS;13010000
35;9502;20;2;ESTRADA;;MUNICIPAL JOANNINE CAUMO;;AMARAIS;13010000
35;9502;20;2;ESTRADA;;MUNICIPAL JOANNINE CAUMO;;AMARAIS;13010000
35;9502;20;2;ESTRADA;;MUNICIPAL JOSE SEDANO;;VL OLIMPIA;13069390
35;9502;20;2;ESTRADA;;MUNICIPAL JOSE SEDANO;;AMARAIS;13069390
35;9502;5;2;CAMPO;;ROSA;;CAMPO GRANDE;13010000
35;9502;5;2;ESTRADA;;DE PEDREIRA PARA SOUSAS;;FAZENDA SANTA LIDYA;13010002
35;9502;5;2;ESTRADA;;RECANTO PARA GARGANTILHA;;FAZENDA SAO JOSE DO ATIBAIA OU LEAO;13010001
35;9502;5;2;ESTRADA;;SOUSAS A PEDREIRA;;TRES PONTES;13010002
35;9502;5;2;ESTRADA;;SOUSAS A PEDREIRA;;SOUSAS;13010142
35;9502;5;2;ESTRADA;;TANQUINHO;;RECANTO DOS DOURADOS;13010003
35;9502;5;2;ESTRADA;;TANQUINHO;;RECANTO DOS DOURADOS;13010009
35;9502;5;2;RODOVIA;;SP340;;RECANTO DOS DOURADOS;13010003
35;9502;5;2;ESTRADA;;SANTANA;25.0;PEDRA BRANCA;13052520
35;9502;5;2;ESTRADA;;VELHA DE INDAIATUBA;;PEDRA BRANCA;13052523
35;9502;5;2;ESTRADA;;VELHA DE INDAIATUBA;;PEDRA BRANCA;13052523
35;9502;5;2;ESTRADA;;VELHA DE INDAIATUBA;23.0;PEDRA BRANCA;13052523
35;9502;5;2;RODOVIA;;LIX DA CUNHA;8.0;BAIRRO 3 VENDAS;13052520
35;9502;5;2;RODOVIA;;LIX DA CUNHA;9.0;BAIRRO 3 VENDAS;13052520
35;9502;5;2;RODOVIA;;LIX DA CUNHA;51.0;BAIRRO 3 VENDAS;13052520
35;9502;5;2;RODOVIA;;LIX DA CUNHA;7.0;PEDRA BRANCA;13052523
35;9502;5;2;RODOVIA;;LIX DA CUNHA;8.0;BAIRRO 3 VENDAS;13052520
35;9502;5;2;RODOVIA;;LIX DA CUNHA;;BAIRRO 3 VENDAS;13052520
35;9502;5;2;RUA;;SEM DENOMINACAO;;CHACARA MARIZA;13060726
35;9502;5;2;RUA;;SEM DENOMINACAO;119.0;CHACARA MARIZA;13060726
35;9502;5;2;RUA;;ALBERTO CARLOS DUPA VALIN;259.0;VILA PALACIO;13060659
35;9502;10;1;RUA;;EMILIA SIGNORI;113.0;BARAO GERALDO;13012100
35;9502;10;1;RUA;;ERNESTO SERGIO DOTAVIANO;113.0;GUARA;13085345
35;9502;10;1;RUA;;YONI AZEVEDO DE BARROS CAMARGI;48.0;GUARA;13085355
35;9502;10;2;RODOVIA;DOM;PEDRO 1;141.0;SANTA GENEBRA;13092599
35;9502;5;2;RUA;;ELDER RODRIGUES JUNIOR;334.0;TRES MARIAS;13067704
35;9502;5;2;RUA;;CACILDA NAVARRO SAMPAIO;120.0;JARDIM ROSARIO;13067709
35;9502;5;2;RUA;;CACILDA NAVARRO SAMPAIO;;CHACARA TRES MARIAS;13010000
35;9502;5;2;RUA;;CACILDA NAVARRO SAMPAIO;;CHACARA TRES MARIAS;13067709
35;9502;5;2;RUA;;RIO BRANCO;;JARDIM COLINAS DA NASCENTE;13060382
35;9502;5;2;AVENIDA;;JOHN BOYD DUNLOP;8820.0;SATELITE IRIS 3;13059050
35;9502;5;2;AVENIDA;;JOHN BOYD DUNLOP;22.0;SATELITE IRIS 3;13059050
35;9502;20;1;RUA;;RENATO MENDONCA;1.0;BAIRRO TRES MARIAS;13067834
35;9502;20;1;RUA;;RENATO MENDONCA;1.0;BAIRRO TRES MARIAS;13067834
35;9502;20;1;RUA;;RENATO MENDONCA;11.0;BAIRRO TRES MARIAS;13067834
35;9502;20;1;RUA;;OTAVIO VARANDA;25.0;PARQUE CIDADE;13069027
35;9502;5;2;ESTRADA;;DO FRIBUGO;;FRIBURGO;13057100
35;9502;5;2;ESTRADA;;DO FRIBUGO;;FRIBURGO;13057100
35;9502;5;2;ESTRADA;;DO FRIBUGO;;FRIBURGO;13057100
35;9502;5;2;ESTRADA;;DO FRIBUGO;;FRIBURGO;13057100
35;9502;5;2;ESTRADA;;DO FRIBUGO;;FRIBURGO;13057100
35;9502;5;2;ESTRADA;;DO FRIBURGO;100.0;FRIBURGO;13057100
35;9502;5;2;ESTRADA;;DO FRIBURGO;;FRIBURGO;13057100
35;9502;5;2;ESTRADA;;DO FRIBURGO;;FRIBURGO;13057100
35;9502;10;2;ESTRADA;;DA FAZENDA SANTA GENEBRA;;FAZENDA SANTA GENEBRA;13084030
35;9502;10;2;RODOVIA;GENERAL;MILTON TAVARES DE LIMA;118.0;FAZENDA SANTA GENEBRA;13084030
35;9502;10;2;RUA;;DO SOL;536.0;JARDIM DO SOL;13085260
35;9502;10;2;RUA;;DO SOL;400.0;JARDIM DO SOL;13085260
35;9502;10;2;AVENIDA;;ALEXANDRE CASELATO;;BETEL;13084030
35;9502;10;2;AVENIDA;;ALEXANDRE CASELATO;;BETEL;13084030
35;9502;10;2;AVENIDA;;ALEXANDRE CASELATO;;BETEL;13084030
35;9502;10;2;AVENIDA;;ALEXANDRE CASELATO;;BETEL;13084030
35;9502;10;2;RUA;;ANTONIO MARASCAUCHI;;JARDIM DO SOL;13084970
35;9502;10;2;RUA;;ANTONIO MARASCAUCHI;;SOLAR CAMPINAS;13085691
35;9502;10;2;RUA;;ANTONIO MARASCAUCHI;5.0;SOLAR CAMPINAS;13010000
35;9502;10;2;RUA;;ANTONIO MARASCAUCHI;1.0;JARDIM DO SOL;13084970
35;9502;10;2;RUA;;ANTONIO MARASCAUCHI;3.0;JARDIM DO SOL;13084970
35;9502;10;2;RODOVIA;;ZEFERINO VAZ;118.0;FAZENDA SANTA GENEBRA;13084030
35;9502;5;2;RODOVIA;;SP340;;RECANTO DOS DOURADOS;13040735
35;9502;5;2;ESTRADA;;ANTONIO INACIO PUPO;;CARLOS GOMES;13010003
35;9502;5;2;ESTRADA;;CARLOS GOMES;;CARLOS GOMES;13033671
35;9502;5;2;ESTRADA;;CARLOS GOMES;;CARLOS GOMES;13015050
35;9502;5;2;ESTRADA;;DA PEDRA;;SOUSAS;13015150
35;9502;5;2;ESTRADA;;DE ACESSO FAZENDA ROZEIRAS;;CARLOS GOMES;13015029
35;9502;5;2;ESTRADA;;PARA GARGANTILHA LADO ESQUERDO;;FAZENDA 7 QUEDAS;13041580
35;9502;5;2;ESTRADA;;PARA GARGANTILHA LADO ESQUERDO;;FAZENDA CENTENARIO;13033530
35;9502;5;2;ESTRADA;;SOUZA PEDREIRA;;CARLOS GOMES;13015001
35;9502;5;2;ESTRADA;EVANGELIZADORA;ANTONIO INACIO PUPO;;CARLOS GOMES;13034145
35;9502;5;2;RUA;;BENEDITO CARLOS TEIXEIRA;;CARLOS GOMES;13033755
35;9502;5;2;RUA;;BENEDITO CARLOS TEIXEIRA;;CARLOS GOMES;13040109
35;9502;5;2;AVENIDA;;ELIZEU DE NAVARRO;;NOVA JAGUARIUNA;13010000
35;9502;10;2;ESTRADA;;AMARAIS;7.0;AMARAIS;13069428
35;9502;10;2;ESTRADA;;DA SERVIDAO;;BETEL;13069428
35;9502;10;2;ESTRADA;;DA SERVIDAO;;BETEL;13069428
35;9502;10;2;ESTRADA;;DA SERVIDAO;;BETEL;13069428
35;9502;10;2;ESTRADA;;DO PARI;;VL OLIMPIA;13069428
35;9502;10;2;ESTRADA;;DOS AMARAIS;;VL OLIMPIA;13069428
35;9502;10;2;RUA;;JOSE BONOMI;;BETEL;13069428
35;9502;10;2;RUA;;JOSE BONOMI;4.0;BETEL;13069428
35;9502;10;2;RUA;;JOSE BONOMI;;BETEL;13010000
35;9502;10;2;RUA;;JOSE BONOMI;;BETEL;13010000
35;9502;10;2;RUA;;JOSE BONOMI;;BETEL;13069428
35;9502;10;2;RUA;;JOSE BONOMI;;BETEL;13069428
35;9502;10;2;RUA;;JOSE BONOMI;;BETEL;13069428
35;9502;10;2;ESTRADA;;MATAO PAULINIA;;BETEL;13069428
35;9502;10;2;ESTRADA;;PARI;;BETEL;13010000
35;9502;10;2;RUA;;SEM DENOMINACAO;;BETEL;13069428
35;9502;10;2;ESTRADA;;MUNICIPAL JOSE SEDANO;;BETEL;13069428
35;9502;10;2;RUA;;ANTONIO CEDANO;;BETEL;13069428
35;9502;10;2;RUA;;ANTONIO CEDANO;;BETEL;13069428
35;9502;10;2;RUA;;ANTONIO CEDANO;;BETEL;13069428
35;9502;15;2;ESTRADA;;DAS CABRAS;6.0;JOAQUIM EGIDIO;13010003
35;9502;15;2;ESTRADA;;DAS CABRAS;6.0;JOAQUIM EGIDIO;13010002
35;9502;15;2;ESTRADA;SANTA;MARIA CAM 133;;JOAQUIM EGIDIO;13108046
35;9502;15;2;ESTRADA;SANTA;MARIA CAM 133;;JOAQUIM EGIDIO;13010001
35;9502;15;2;RODOVIA;;JOSE BONIFACIO COUTINHO NOGUEI;6.0;JOAQUIM EGIDIO;13106001
35;9502;15;2;RODOVIA;;JOSE BONIFACIO COUTINHO NOGUEI;11.0;JOAQUIM EGIDIO;13106001
35;9502;15;2;RODOVIA;;JOSE BONIFACIO COUTINHO NOGUEI;6.0;JOAQUIM EGIDIO;13106001
35;9502;15;2;RODOVIA;;JOSE BONIFACIO COUTINHO NOGUEI;12.0;JOAQUIM EGIDIO;13106001
35;9502;15;2;RODOVIA;;JOSE BONIFACIO COUTINHO NOGUEI;13.0;JOAQUIM EGIDIO;13106001
35;9502;15;2;RUA;PROFESSORA;LIDIA DE ABDALLA;4.0;JOAQUIM EGIDIO;13108046
35;9502;15;2;RUA;PROFESSORA;LYDIA ABDALA;;JOAQUIM EGIDIO;13108046
35;9502;15;2;RUA;PROFESSORA;LYDIA ABDALA;6.0;JOAQUIM EGIDIO;13108046
35;9502;15;2;RUA;PROFESSORA;LYDIA ABDALA;;JOAQUIM EGIDIO;13108046
35;9502;15;2;RUA;PROFESSORA;LYDIA ABDALA;;JOAQUIM EGIDIO;13108046
35;9502;15;2;RUA;PROFESSORA;LYDIA ABDALA;;JOAQUIM EGIDIO;13108046
35;9502;15;2;RUA;PROFESSORA;LYDIA ABDALA;1.0;JOAQUIM EGIDIO;13108046
35;9502;15;2;RUA;;MANOEL DA SILVA COELHO;220.0;JOAQUIM EGIDIO;13108038
35;9502;20;2;RUA;;ELZA MONERATE;72.0;CDHU;13069079
35;9502;5;2;RUA;TENENTE;FERNANDO TOLEDO LEME;195.0;DIC 5;13054485
35;9502;5;2;ESTRADA;;CAPIVARI;;TRES VENDAS;13010003
35;9502;5;2;ESTRADA;;DA PEDRA BRANCA;;PEDRA BRANCA;13010002
35;9502;5;2;ESTRADA;;DA PEDRA BRANCA;;PEDRA BRANCA;13279481
35;9502;5;2;ESTRADA;;DA PEDRA BRANCA;124.0;PEDRA BRANCA;13010003
35;9502;5;2;ESTRADA;;DA PEDRA BRANCA;;PEDRA BRANCA;13010002
35;9502;5;2;ESTRADA;;DA PEDRA BRANCA;;PEDRA BRANCA;13010003
35;9502;5;2;ESTRADA;;DA PEDRA BRANCA;;PEDRA BRANCA;13010003
35;9502;5;2;ESTRADA;;DA PEDRA BRANCA;;PEDRA BRANCA;13010003
35;9502;5;2;ESTRADA;;DA PEDRA BRANCA;;PEDRA BRANCA;13279481
35;9502;5;2;ESTRADA;;DA PEDRA BRANCA;124.0;PEDRA BRANCA;13010010
35;9502;5;2;ESTRADA;;LUIS QUEIROS DE GUIMARAES;2.0;REFORMA AGRARIA;13279481
35;9502;5;2;ESTRADA;;LUIS QUEIROS DE GUIMARAES;;MACUCO;13279481
35;9502;5;2;ESTRADA;;LUIS QUEIROS DE GUIMARAES;;MACUCO;13279481
35;9502;5;2;ESTRADA;;LUIS QUEIROS DE GUIMARAES;;REFORMA AGRARIA;13279481
35;9502;5;2;ESTRADA;;LUIZ DE QUEIROZ GUIMARAES;;MACUCO;13279481
35;9502;5;2;ESTRADA;;SITIO SAO JOAQUIM;;BAIRRO 3 VENDAS;13010003
35;9502;5;2;ESTRADA;;SITIO SAO JOAQUIM;;TRES VENDAS;13010009
35;9502;5;2;ESTRADA;;VELHA DE INDAIATUBA;;TRES VENDAS;13010003
35;9502;5;2;ESTRADA;;VELHA DE INDAIATUBA;;TRES VENDAS;13010002
35;9502;5;2;ESTRADA;;VELHA DE INDAIATUBA;;TRES VENDAS;13010002
35;9502;5;2;ESTRADA;;VELHA DE INDAIATUBA;;BAIRRO PEDRA BRANCA;13010009
35;9502;5;2;ESTRADA;;VELHA DE INDAIATUBA;;BAIRRO PEDRA BRANCA;13010009
35;9502;5;2;RUA;;UM;35.0;SALTINHO;13051500
35;9502;5;2;SITIO;;BELA VISTA;;PEDRA BRANCA;13010310
35;9502;5;2;RUA;;ANTONIO AFONSO DE LIMA;;SALTINHO;13051500
35;9502;5;2;RUA;;ANTONIO AFONSO DE LIMA;546.0;SALTINHO;13051500
35;9502;5;2;RUA;;ANTONIO AFONSO DE LIMA;;SALTINHO;13051500
35;9502;5;2;RUA;;ANTONIO AFONSO DE LIMA;2100.0;SALTINHO;13051500
35;9502;5;2;RUA;;ANTONIO AFONSO DE LIMA;2350.0;SALTINHO;13051500
35;9502;5;2;RUA;;ANTONIO AFONSO DE LIMA;;SALTINHO;13051500
35;9502;5;2;RUA;;ANTONIO AFONSO DE LIMA;;SALTINHO;13051500
35;9502;5;2;RUA;;ANTONIO AFONSO DE LIMA;;SALTINHO;13051500
35;9502;5;2;RUA;;ANTONIO AFONSO DE LIMA;209.0;SALTINHO;13051500
35;9502;5;2;ESTRADA;;DA SERVIDAO;1.0;PEDRA BRANCA;13279481
35;9502;5;2;ESTRADA;;DA SERVIDAO;;SALTINHO;13051500
35;9502;5;2;ESTRADA;;DA SERVIDAO;;SALTINHO;13051500
35;9502;5;2;ESTRADA;;DA SERVIDAO;;SALTINHO;13051500
35;9502;5;2;ESTRADA;;DA SERVIDAO;;SALTINHO;13051500
35;9502;5;2;ESTRADA;;DA SERVIDAO;;SALTINHO;13051500
35;9502;5;2;ESTRADA;;DA SERVIDAO;118.0;SALTINHO;13051500
35;9502;5;2;ESTRADA;;DA SERVIDAO;;SALTINHO;13051500
35;9502;5;2;RODOVIA;;LIX DA CUNHA;;TRES VENDAS;13010009
35;9502;5;2;AVENIDA;;JOHN BOYD DUNLOP;3670.0;CAMPO GRANDE;13060803
35;9502;5;2;RUA;;VIRGINIO MANFRON;;RECREIO SANTA FE;13064871
35;9502;5;2;RUA;;MIGUEL GIMENES ALVES;145.0;JARDIM NOSSA SENHORA DA PENHA;13010000
35;9502;5;2;RUA;;SEBASTIAO LAZARO DA SILVA;1475.0;NUCLEO SANTA ISABEL;13010000
35;9502;5;2;AVENIDA;;ROBERT BOSCH;;FAZENDA RIBEIRAO;13064190
35;9502;5;2;RODOVIA;JORNALISTA;FRANCISCO AGUIRRE PROENCA;2.0;SANTA BARBARA;13064190
35;9502;15;2;ESTRADA;;DAS CABRAS;;FAZENDA SAO JOAQUIM VELHA;13010211
35;9502;15;2;ESTRADA;;DAS CABRAS;;SOUSAS;13052061
35;9502;15;2;ESTRADA;;DAS CABRAS;;JOAQUIM EGIDIO;13010009
35;9502;15;2;ESTRADA;;DO OBSEVATORIO DE CAPRICORNIO;;SITIO PE DE SERRA;13012911
35;9502;15;2;ESTRADA;;DO OBSEVATORIO DE CAPRICORNIO;;QUINTA DO TORTO;13010002
35;9502;15;2;ESTRADA;;DO OBSEVATORIO DE CAPRICORNIO;;FAZENDA SAO PEDRO;13015909
35;9502;15;2;ESTRADA;;DO OBSEVATORIO DE CAPRICORNIO;;SITIO SANTA LUCILA;13035300
35;9502;15;2;ESTRADA;;DO OBSEVATORIO DE CAPRICORNIO;;FAZENDA SAO JOAQUIM NOVA;13024230
35;9502;15;2;ESTRADA;;FAZENDA BONFIM EXTENSAO DE T;;FAZENDA BONFIM;13010908
35;9502;15;2;ESTRADA;;FAZENDA BONFIM EXTENSAO DE T;;JOAQUIM EGIDIO;13010009
35;9502;15;2;ESTRADA;;PICO DAS CABRAS;;SITIO JARDIM PRIMAVERA;13010003
35;9502;15;2;ESTRADA;;PICO DAS CABRAS;;SITIO VAVAVERA;13010902
35;9502;15;2;ESTRADA;;PICO DAS CABRAS;;DESMEMBRAMENTO DA FAZ SAO JOAQUIM LOTES 37;13030119
35;9502;15;2;ESTRADA;;PICO DAS CABRAS;;SITIO DOIS IRMAOS;13010001
35;9502;15;2;RODOVIA;;CAM 081;;QUINTA MONTE MORIA;13010002
35;9502;15;2;RODOVIA;;CAM 081;;FAZENDA SAO JOSE;13010001
35;9502;15;2;RODOVIA;;CAM 081;;FAZENDA DAS CABRAS;13015097
35;9502;15;2;RODOVIA;;CAM 081;;JOAQUIM EGIDIO;13010003
35;9502;15;2;RUA;;DAS CABRAS;;JOAQUIM EGIDIO;13106000
35;9502;5;2;ESTRADA;;DO FOGUETEIRO;;VIRACOPOS;13010001
35;9502;5;2;ESTRADA;;DO FOGUETEIRO;;RECANTO CAMPESTRE DE VIRACOPOS;13052970
35;9502;5;2;ESTRADA;;DO FOGUETEIRO;;AEROPORTO DE VIRACOPOS;13336508
35;9502;5;2;ESTRADA;;DO FOGUETEIRO;;FRIBURGO;13336508
35;9502;5;2;ESTRADA;;DO FOGUETEIRO;3.0;RECANTO CAMPESTRE DE VIRACOPOS;13336508
35;9502;5;2;ESTRADA;;DO FOGUETEIRO;;FRIBURGO;13336508
35;9502;5;2;ESTRADA;;DO FOGUETEIRO;;FRIBURGO;13336508
35;9502;5;2;ESTRADA;;DO FRIBURGO;;BAIRRO FRIBURGO;13057566
35;9502;5;2;ESTRADA;;DO MIRIM;;FRIBURGO;13010000
35;9502;5;2;ESTRADA;;DO MIRIM;;FRIBURGO;13100000
35;9502;5;2;ESTRADA;;DO MIRIM;;FRIBURGO;13010000
35;9502;5;2;ESTRADA;;DO MIRIM;;FRIBURGO;13010000
35;9502;5;2;ESTRADA;;DO MIRIM;;FRIBURGO;13010000
35;9502;5;2;ESTRADA;;DO MIRIM;;FRIBURGO;13010000
35;9502;5;2;ESTRADA;;DO MIRIM;;FRIBURGO;13010000
35;9502;5;2;ESTRADA;;DO MIRIM;;FRIBURGO;13010000
35;9502;5;2;FAZENDA;;ESTIVA 2;3081.0;RECANTO CAMPESTRE DE VIRACOPOS;13336508
35;9502;5;2;RUA;;BEGNHOR;;FRIBURGO;13010010
35;9502;5;2;RUA;;BEGNHOR;;FRIBURGO;13010000
35;9502;5;2;ESTRADA;;PEDRO DEGREECIO JUNIOR;10.0;FRIBURGO;13010000
35;9502;5;2;ESTRADA;;PEDRO DEGREECIO JUNIOR;;FRIBURGO;13010000
35;9502;5;2;ESTRADA;;JOAO VITAL DE LIMA;3199.0;RECANTO CAMPESTRE DE VIRACOPOS;13336508
35;9502;5;2;AVENIDA;ENGENHEIRO;LUIS ANTONIO LALUNE;;COLONIA TOZAN;13139899
35;9502;5;2;AVENIDA;ENGENHEIRO;LUIS ANTONIO LALUNE;;COLONIA TOZAN;13010002
35;9502;5;2;CAMINHO;;TREZENTOS E QUINZE;;COLONIA TOZAN;13084970
35;9502;5;2;CAMINHO;;TREZENTOS E QUINZE;;COLONIA TOZAN;13084970
35;9502;5;2;CAMINHO;;TREZENTOS E QUINZE;;COLONIA TOZAN;13084970
35;9502;5;2;ESTRADA;;DO SERVIDAO QUATRO;120.0;COLONIA TOZAN;13084970
35;9502;5;2;ESTRADA;;DO SERVIDAO QUATRO;;COLONIA TOZAN;13084970
35;9502;5;2;ESTRADA;;DO SERVIDAO QUATRO;;JARDIM GUARANTAN;13010009
35;9502;5;2;ESTRADA;;SEM DENOMINACAO;;COLONIA TOZAN;13084970
35;9502;5;2;RUA;;SEBASTIAO WENCESLAU PINHEIRO;;VILLAGE;13084970
35;9502;5;2;RUA;DOUTOR;GUSTAVO ORSOLINI;;NOVA MERCEDES;13052501
35;9502;5;2;RUA;DOUTOR;GUSTAVO ORSOLINI;2445.0;NOVA MERCEDES;13052501
35;9502;5;2;RUA;DOUTOR;GUSTAVO ORSOLINI;;PEDRA BRANCA;13052581
35;9502;5;2;RUA;;JOSE BIGATTO;;NOVA MERCEDES;13052501
35;9502;5;2;RUA;;JOSE BIGATTO;;PEDRA BRANCA;13052501
35;9502;5;2;RUA;;JOSE BIGATTO;;NOVA MERCEDES;13052501
35;9502;5;2;ESTRADA;;PEDRA BRANCA;;PEDRA BRANCA;13052501
35;9502;5;2;ESTRADA;;PEDRA BRANCA;;NOVA MERCEDES;13052501
35;9502;5;2;ESTRADA;;PEDRA BRANCA;;NOVA MERCEDES;13052501
35;9502;5;2;ESTRADA;;SANTANA;;CAMPINAS;13052523
35;9502;5;2;ESTRADA;;SANTANA;24.0;PEDRA BRANCA;13052523
35;9502;5;2;ESTRADA;;SANTANA;;PEDRA BRANCA;13052523
35;9502;5;2;ESTRADA;;SANTANA;;PEDRA BRANCA;13052523
35;9502;5;2;ESTRADA;;SANTANA;;PEDRA BRANCA;13052523
35;9502;5;2;ESTRADA;;SANTANA;;PEDRA BRANCA;13052523
35;9502;5;2;ESTRADA;;SANTANA;;PEDRA BRANCA;13052523
35;9502;5;2;ESTRADA;;SANTANA;24.0;PEDRA BRANCA;13052523
35;9502;5;2;ESTRADA;;SANTANA;24.0;PEDRA BRANCA;13052523
35;9502;5;2;CAMINHO;;SEM DENOMINACAO;62.0;PEDRA BRANCA;13052731
35;9502;5;2;CAMINHO;;SEM DENOMINACAO;62.0;PEDRA BRANCA;13052731
35;9502;5;2;CAMINHO;;SEM DENOMINACAO;;PEDRA BRANCA;13052731
35;9502;5;2;CAMINHO;;SEM DENOMINACAO;;PEDRA BRANCA;13052731
35;9502;5;2;RODOVIA;;LIX DA CUNHA;15.0;PEDRA BRANCA;13053400
35;9502;15;2;ESTRADA;;DO FELICIANO;;JOAQUIM EGIDIO;13010000
35;9502;15;2;ESTRADA;;DO FELICIANO;10.0;JOAQUIM EGIDIO;13010000
35;9502;15;2;ESTRADA;;DO FELICIANO;2.0;JOAQUIM EGIDIO;13010000
35;9502;15;2;ESTRADA;;DO FELICIANO;2.0;JOAQUIM EGIDIO;13010000
35;9502;15;2;ESTRADA;PROFESSORA;LIDIA ABDALA;8.0;JOAQUIM EGIDIO;13106970
35;9502;15;2;RUA;PROFESSORA;LIDIA DE ABDALLA;8.0;JOAQUIM EGIDIO;13108046
35;9502;15;2;RUA;PROFESSORA;LIDIA DE ABDALLA;10.0;JOAQUIM EGIDIO;13010000
35;9502;15;2;RUA;PROFESSORA;LIDIA DE ABDALLA;;JOAQUIM EGIDIO;13010000
35;9502;15;2;RUA;PROFESSORA;LIDIA DE ABDALLA;10.0;JOAQUIM EGIDIO;13010000
35;9502;15;2;RUA;PROFESSORA;LIDIA DE ABDALLA;10.0;JOAQUIM EGIDIO;13108046
35;9502;15;2;ESTRADA;SANTA;MARIA;;JOAQUIM EGIDIO;13010000
35;9502;15;2;ESTRADA;SANTA;MARIA;;JOAQUIM EGIDIO;13010000
35;9502;15;2;ESTRADA;SANTA;MARIA;;JOAQUIM EGIDIO;13010000
35;9502;25;2;ESTRADA;;MUNICIPAL LACERDA CAM 367;4.0;SOUSAS;13106000
35;9502;25;2;AVENIDA;CORONEL;ALFREDO AUGUSTO DO NASCIMENTO;2000.0;JARDIM BELMONTE;13106000
